"source","term_name","term_id","highlighted","adjusted_p_value","negative_log10_of_adjusted_p_value","term_size","query_size","intersection_size","effective_domain_size","intersections"
"GO:MF","signaling receptor binding","GO:0005102","true","0.00000136925750905501","5.863514868706854","1521","183","39","20246","CD36,EDNRB,CDH5,JAM2,VWF,FABP4,AGTR1,TGFBR3,CAV1,S1PR1,TACC1,SLIT2,ADAMTS8,SLIT3,MMRN2,SVEP1,FCN3,SEMA5A,NOTCH4,EMP2,KCNJ8,DIAPH2,LRRC32,LPL,ENG,FBLN5,REEP1,ARRB1,DOCK4,KL,ANGPT1,ICAM2,ZBTB16,PTPRD,WIF1,GAB2,TGFBR2,SELP,SEMA3G"
"GO:MF","amide binding","GO:0033218","true","0.000004190371916776789","5.377747429483406","245","183","15","20246","CD36,EDNRB,AGER,NPR1,RAMP2,ACADL,FZD4,ACACB,CRYAB,ITM2A,RAMP3,BCHE,ADRB2,GHR,VIPR1"
"GO:MF","transforming growth factor beta binding","GO:0050431","false","0.00002721349443706905","4.565215687647102","23","183","6","20246","CD36,TGFBR3,LRRC32,ENG,CHRDL1,TGFBR2"
"GO:MF","protein binding","GO:0005515","false","0.00006242203834760202","4.204662053859374","15123","183","165","20246","FAM107A,CD36,GRK5,CA4,EDNRB,CDH5,AGER,TEK,TCF21,JAM2,PECAM1,STARD13,GPM6A,DUOX1,VWF,FHL1,FABP4,ADH1B,AGTR1,LDB2,TAL1,RAMP2,RASIP1,ACADL,TGFBR3,CLDN5,KCNK3,SFTPC,EPAS1,FZD4,CAV1,SASH1,ADARB1,LRRN3,SPOCK2,S1PR1,ADAMTSL3,TACC1,GPM6B,CD93,SLIT2,AOC3,ARHGAP6,TNS1,ADAMTS8,FGFR4,STXBP6,SLIT3,FXYD6,ASPA,FHL5,MMRN2,SVEP1,TIE1,ZNF106,LIMS2,RAI2,EMCN,PPM1F,ACACB,FCN3,FXYD1,CLDN18,GJA4,CAT,RGCC,TBX2,SEMA5A,TNNC1,FEZ1,SPTBN1,CRYAB,NOTCH4,STX12,CLIC5,HEG1,EMP2,ARAP3,ADIRF,GPX3,ITM2A,LYVE1,SESN1,PDZD2,MFAP4,RAMP3,CAV2,KLF2,PKNOX2,KCNJ8,TMEM100,ARHGEF15,SYNM,MACF1,PIP5K1B,CD34,GFOD1,ERG,DIAPH2,LRRC32,LPL,RASL12,COX7A1,KANK3,PTPRB,ENG,FBLN5,CHRDL1,HOXA5,REEP1,QKI,DENND3,TTC28,PDLIM2,THBD,LRRC36,SRPX,GATA2,ARRB1,VSTM4,WFS1,DOCK4,ARHGEF6,LMO2,KL,DLC1,GATA6,ANGPT1,TBX3,KLF4,P3H2,DNASE1L3,DACH1,BCHE,SOSTDC1,ADRB2,DPYSL2,ICAM2,CTNNAL1,PID1,ZBTB16,INPP5A,CASKIN2,SPARCL1,PTPRD,GHR,WIF1,AHNAK,SYNC,GAB2,KANK2,TSPAN7,SPTAN1,TGFBR2,VIPR1,ABHD6,TRPV2,ANOS1,LIMCH1,EML1,HBB,SELP,SEMA3G,PCDH17,ID4"
"GO:MF","growth factor binding","GO:0019838","true","0.00024035501846725663","3.6191468056348404","134","183","10","20246","CD36,TEK,TGFBR3,FGFR4,LRRC32,ENG,CHRDL1,KL,GHR,TGFBR2"
"GO:MF","glycosaminoglycan binding","GO:0005539","true","0.00027653701865725655","3.558246723590923","249","183","13","20246","TGFBR3,SPOCK2,SLIT2,ADAMTS8,FGFR4,SLIT3,SEMA5A,LYVE1,LPL,ENG,TGFBR2,ANOS1,SELP"
"GO:MF","calcium ion binding","GO:0005509","true","0.0004693661609787474","3.3284882241322897","729","183","22","20246","CDH5,DUOX1,SPOCK2,CD93,SLIT2,AOC3,SLIT3,SVEP1,TNNC1,NOTCH4,HEG1,MACF1,LPL,FBLN5,THBD,PCDH12,DNASE1L3,SPARCL1,SPTAN1,EML1,SELP,PCDH17"
"GO:MF","amyloid-beta binding","GO:0001540","false","0.00046963778195832146","3.3282369717349476","82","183","8","20246","CD36,AGER,FZD4,CRYAB,ITM2A,RAMP3,BCHE,ADRB2"
"GO:MF","cell adhesion molecule binding","GO:0050839","false","0.0023462969947453107","2.629617015658111","564","183","18","20246","CDH5,AGER,JAM2,VWF,ADAMTS8,STXBP6,SVEP1,SPTBN1,EMP2,MACF1,PTPRB,FBLN5,ICAM2,CTNNAL1,PTPRD,AHNAK,SPTAN1,SELP"
"GO:MF","sulfur compound binding","GO:1901681","true","0.004570674156208407","2.3400197385016863","273","183","12","20246","ACADL,TGFBR3,SLIT2,ADAMTS8,FGFR4,SLIT3,ACACB,SEMA5A,CD34,LPL,ANOS1,SELP"
"GO:MF","cytokine binding","GO:0019955","false","0.0056047005447216166","2.2514475865033","150","183","9","20246","CD36,TGFBR3,FZD4,LRRC32,ENG,CHRDL1,SOSTDC1,GHR,TGFBR2"
"GO:MF","protein-containing complex binding","GO:0044877","true","0.012038931028424708","1.919412073631918","1314","183","28","20246","CD36,CDH5,AGER,JAM2,VWF,TGFBR3,FZD4,CAV1,CD93,ADAMTS8,SVEP1,TNNC1,SPTBN1,CRYAB,EMP2,PKNOX2,MACF1,LPL,ENG,FBLN5,WFS1,ADRB2,ICAM2,CTNNAL1,SPARCL1,SPTAN1,TGFBR2,SELP"
"GO:MF","transmembrane receptor protein serine/threonine kinase activity","GO:0004675","true","0.013728392997837003","1.8623802969233247","19","183","4","20246","TGFBR3,ENG,SOSTDC1,TGFBR2"
"GO:MF","BMP binding","GO:0036122","false","0.01703956338357353","1.7685415376523048","20","183","4","20246","TGFBR3,ENG,CHRDL1,SOSTDC1"
"GO:MF","transmembrane receptor protein kinase activity","GO:0019199","false","0.021133316952792323","1.675032333461652","100","183","7","20246","TEK,TGFBR3,FGFR4,TIE1,ENG,SOSTDC1,TGFBR2"
"GO:MF","angiotensin receptor binding","GO:0031701","true","0.03574909497055833","1.4467349483878706","9","183","3","20246","EDNRB,ARRB1,ZBTB16"
"GO:BP","vasculature development","GO:0001944","true","7.6511776061161e-27","26.116271716679233","762","182","50","21026","CD36,CDH5,NPR1,TEK,TCF21,PECAM1,STARD13,FOXF1,AGTR1,TAL1,RAMP2,RASIP1,TGFBR3,CLDN5,EPAS1,FZD4,CAV1,SASH1,S1PR1,CD93,SLIT2,MMRN2,SVEP1,TIE1,EMCN,GJA4,RGCC,TBX2,SEMA5A,NOTCH4,HEG1,EMP2,KLF2,KCNJ8,TMEM100,ARHGEF15,CD34,TMEM204,PTPRB,ENG,HOXA5,QKI,GATA2,VSTM4,GATA6,ANGPT1,TBX3,KLF4,WIF1,TGFBR2"
"GO:BP","blood vessel development","GO:0001568","false","1.4657892284729581e-24","23.833928474096012","732","182","47","21026","CD36,CDH5,NPR1,TEK,TCF21,PECAM1,STARD13,FOXF1,AGTR1,TAL1,RAMP2,RASIP1,TGFBR3,CLDN5,EPAS1,FZD4,CAV1,SASH1,S1PR1,CD93,SLIT2,MMRN2,TIE1,EMCN,GJA4,RGCC,TBX2,SEMA5A,NOTCH4,HEG1,EMP2,KLF2,KCNJ8,TMEM100,CD34,PTPRB,ENG,HOXA5,QKI,GATA2,VSTM4,GATA6,ANGPT1,TBX3,KLF4,WIF1,TGFBR2"
"GO:BP","circulatory system development","GO:0072359","false","3.559586636554715e-23","22.44860043233233","1145","182","55","21026","CD36,CDH5,NPR1,TEK,TCF21,PECAM1,STARD13,FOXF1,AGTR1,TAL1,RAMP2,RASIP1,TGFBR3,CLDN5,EPAS1,FZD4,CAV1,SASH1,S1PR1,CD93,SLIT2,SLIT3,MMRN2,SVEP1,TIE1,EMCN,ACACB,GJA4,RGCC,TBX2,SEMA5A,TNNC1,NOTCH4,HEG1,EMP2,KLF2,KCNJ8,TMEM100,ARHGEF15,CD34,TMEM204,PTPRB,ENG,HOXA5,QKI,PDLIM2,GATA2,VSTM4,DLC1,GATA6,ANGPT1,TBX3,KLF4,WIF1,TGFBR2"
"GO:BP","blood vessel morphogenesis","GO:0048514","false","4.813255047818803e-22","21.31756112504078","635","182","42","21026","CD36,CDH5,NPR1,TEK,TCF21,STARD13,FOXF1,AGTR1,TAL1,RAMP2,RASIP1,TGFBR3,CLDN5,EPAS1,FZD4,CAV1,SASH1,S1PR1,CD93,SLIT2,MMRN2,TIE1,EMCN,RGCC,TBX2,SEMA5A,NOTCH4,HEG1,EMP2,KLF2,TMEM100,CD34,PTPRB,ENG,HOXA5,QKI,GATA2,VSTM4,GATA6,ANGPT1,KLF4,TGFBR2"
"GO:BP","angiogenesis","GO:0001525","false","2.0557424861038953e-21","20.687031288445468","547","182","39","21026","CD36,CDH5,NPR1,TEK,TCF21,STARD13,AGTR1,TAL1,RAMP2,RASIP1,TGFBR3,CLDN5,EPAS1,FZD4,CAV1,SASH1,S1PR1,CD93,SLIT2,MMRN2,TIE1,EMCN,RGCC,SEMA5A,NOTCH4,EMP2,KLF2,TMEM100,CD34,PTPRB,ENG,HOXA5,QKI,GATA2,VSTM4,GATA6,ANGPT1,KLF4,TGFBR2"
"GO:BP","tube morphogenesis","GO:0035239","false","2.6586096984868935e-19","18.5753454152954","879","182","45","21026","CD36,CDH5,NPR1,TEK,TCF21,STARD13,FOXF1,AGTR1,TAL1,RAMP2,RASIP1,TGFBR3,CLDN5,EPAS1,FZD4,CAV1,SASH1,S1PR1,CD93,SLIT2,MMRN2,TIE1,EMCN,RGCC,TBX2,SEMA5A,NOTCH4,HEG1,EMP2,KLF2,TMEM100,CD34,PTPRB,ENG,HOXA5,QKI,GATA2,VSTM4,DLC1,GATA6,ANGPT1,TBX3,KLF4,SOSTDC1,TGFBR2"
"GO:BP","tube development","GO:0035295","false","6.940005279681025e-18","17.158640199150987","1101","182","48","21026","CD36,EDNRB,CDH5,NPR1,TEK,TCF21,STARD13,FOXF1,AGTR1,TAL1,RAMP2,RASIP1,TGFBR3,CLDN5,EPAS1,FZD4,CAV1,SASH1,S1PR1,CD93,SLIT2,MMRN2,TIE1,EMCN,CLDN18,CAT,RGCC,TBX2,SEMA5A,NOTCH4,HEG1,EMP2,KLF2,TMEM100,CD34,PTPRB,ENG,HOXA5,QKI,GATA2,VSTM4,DLC1,GATA6,ANGPT1,TBX3,KLF4,SOSTDC1,TGFBR2"
"GO:BP","system development","GO:0048731","false","1.6156716284365366e-17","16.791646901265132","4053","182","91","21026","CD36,EDNRB,CDH5,AGER,NPR1,TEK,TCF21,JAM2,PECAM1,STARD13,GPM6A,FOXF1,AGTR1,LDB2,TAL1,RAMP2,RASIP1,TGFBR3,CLDN5,EPAS1,FZD4,CAV1,SASH1,ADARB1,LRRN3,SPOCK2,S1PR1,TACC1,GPM6B,CD93,SLIT2,SLIT3,ASPA,MMRN2,SVEP1,TIE1,LIMS2,EMCN,ACACB,CLDN18,GJA4,CAT,RGCC,TBX2,SEMA5A,TNNC1,FEZ1,SPTBN1,CRYAB,NOTCH4,HEG1,EMP2,KLF2,KCNJ8,TMEM100,ARHGEF15,MACF1,CD34,TMEM204,PTPRB,ENG,CHRDL1,HOXA5,QKI,PDLIM2,GATA2,VSTM4,WFS1,DOCK4,PCDH12,DLC1,GATA6,ANGPT1,TBX3,FRY,KLF4,BCHE,DPYSL2,ZBTB16,PTPRD,CPB2,GHR,WIF1,KANK2,TGFBR2,TRPV2,ANOS1,EML1,SEMA3G,PCDH17,ID4"
"GO:BP","multicellular organism development","GO:0007275","false","5.136882220708107e-17","16.28930039173779","4727","182","98","21026","CD36,EDNRB,CDH5,AGER,NPR1,TEK,TCF21,JAM2,PECAM1,STARD13,GPM6A,DUOX1,FOXF1,AGTR1,LDB2,TAL1,RAMP2,RASIP1,TGFBR3,CLDN5,EPAS1,FZD4,CAV1,SASH1,ADARB1,LRRN3,SPOCK2,S1PR1,TACC1,GPM6B,CD93,SLIT2,SLIT3,ASPA,MMRN2,SVEP1,TIE1,LIMS2,RAI2,EMCN,ACACB,CLDN18,GJA4,CAT,RGCC,TBX2,SEMA5A,TNNC1,FEZ1,SPTBN1,CRYAB,NOTCH4,HEG1,EMP2,MFNG,KLF2,KCNJ8,TMEM100,ARHGEF15,MACF1,CD34,TMEM204,PTPRB,ENG,CHRDL1,HOXA5,QKI,PDLIM2,GATA2,VSTM4,WFS1,DOCK4,KL,PCDH12,DLC1,GATA6,ANGPT1,TBX3,FRY,KLF4,DACH1,BCHE,SOSTDC1,ADRB2,DPYSL2,ZBTB16,PTPRD,CPB2,GHR,WIF1,KANK2,TGFBR2,TRPV2,ANOS1,EML1,SEMA3G,PCDH17,ID4"
"GO:BP","anatomical structure development","GO:0048856","false","1.0749243748266285e-16","15.968622089004933","5997","182","111","21026","CD36,EDNRB,CDH5,AGER,NPR1,TEK,TCF21,JAM2,PECAM1,STARD13,GPM6A,DUOX1,FHL1,FOXF1,AGTR1,LDB2,TAL1,RAMP2,RASIP1,TGFBR3,CLDN5,KCNK3,EPAS1,FZD4,CAV1,SASH1,ADARB1,LRRN3,SPOCK2,S1PR1,TACC1,GPM6B,CD93,SLIT2,SLIT3,ASPA,MMRN2,SVEP1,TIE1,LIMS2,RAI2,EMCN,ACACB,CLDN18,GJA4,CAT,RGCC,TBX2,SEMA5A,TNNC1,FEZ1,SPTBN1,CRYAB,NOTCH4,HEG1,EMP2,ITM2A,LYVE1,MFNG,CAV2,KLF2,KCNJ8,TMEM100,ARHGEF15,MACF1,CD34,DIAPH2,LRRC32,TMEM204,LPL,PTPRB,ENG,CHRDL1,HOXA5,QKI,PDLIM2,GATA2,VSTM4,CDO1,WFS1,DOCK4,KL,PCDH12,DLC1,SNRK,GATA6,ANGPT1,TBX3,FRY,KLF4,DNASE1L3,DACH1,BCHE,SOSTDC1,ADRB2,DPYSL2,PID1,ZBTB16,PTPRD,CPB2,GHR,WIF1,GAB2,KANK2,TGFBR2,TRPV2,ANOS1,EML1,SEMA3G,PCDH17,ID4"
"GO:BP","cell adhesion","GO:0007155","true","2.0724857787626986e-16","15.683508440862648","1530","182","54","21026","FAM107A,CD36,CDH5,AGER,TEK,JAM2,PECAM1,VWF,FOXF1,CLDN5,FZD4,CAV1,SPOCK2,S1PR1,GPM6B,CD93,AOC3,ARHGAP6,STXBP6,MMRN2,SVEP1,LIMS2,EMCN,PPM1F,CLDN18,RGCC,SEMA5A,FEZ1,NOTCH4,EMP2,LYVE1,PDZD2,MFAP4,MACF1,CD34,LRRC32,ENG,FBLN5,SRPX,PCDH12,DLC1,ANGPT1,KLF4,ICAM2,CTNNAL1,ZBTB16,SPARCL1,PTPRD,TGFBR2,ANOS1,LIMCH1,HBB,SELP,PCDH17"
"GO:BP","anatomical structure morphogenesis","GO:0009653","false","1.037474848264691e-15","14.984022423186724","2713","182","71","21026","CD36,CDH5,NPR1,TEK,TCF21,JAM2,STARD13,GPM6A,FHL1,FOXF1,AGTR1,TAL1,RAMP2,RASIP1,TGFBR3,CLDN5,EPAS1,FZD4,CAV1,SASH1,ADARB1,S1PR1,CD93,SLIT2,SLIT3,MMRN2,SVEP1,TIE1,LIMS2,EMCN,RGCC,TBX2,SEMA5A,TNNC1,FEZ1,SPTBN1,CRYAB,NOTCH4,HEG1,EMP2,LYVE1,MFNG,KLF2,KCNJ8,TMEM100,ARHGEF15,MACF1,CD34,PTPRB,ENG,HOXA5,QKI,GATA2,VSTM4,DLC1,GATA6,ANGPT1,TBX3,FRY,KLF4,SOSTDC1,PID1,ZBTB16,PTPRD,CPB2,GHR,TGFBR2,TRPV2,ANOS1,SEMA3G,ID4"
"GO:BP","developmental process","GO:0032502","false","3.267912734684905e-15","14.485729549248196","6553","182","114","21026","CD36,GRK5,EDNRB,CDH5,AGER,NPR1,TEK,TCF21,JAM2,PECAM1,STARD13,GPM6A,DUOX1,FHL1,FABP4,FOXF1,AGTR1,LDB2,TAL1,RAMP2,RASIP1,TGFBR3,CLDN5,KCNK3,EPAS1,FZD4,CAV1,SASH1,ADARB1,LRRN3,SPOCK2,S1PR1,TACC1,GPM6B,CD93,SLIT2,SLIT3,ASPA,MMRN2,SVEP1,TIE1,LIMS2,RAI2,EMCN,ACACB,CLDN18,GJA4,CAT,RGCC,TBX2,SEMA5A,TNNC1,FEZ1,SPTBN1,CRYAB,NOTCH4,HEG1,EMP2,ADIRF,ITM2A,LYVE1,MFNG,CAV2,KLF2,KCNJ8,TMEM100,ARHGEF15,MACF1,CD34,DIAPH2,LRRC32,TMEM204,LPL,PTPRB,ENG,CHRDL1,HOXA5,QKI,PDLIM2,GATA2,VSTM4,CDO1,WFS1,DOCK4,KL,PCDH12,DLC1,SNRK,GATA6,ANGPT1,TBX3,FRY,KLF4,DNASE1L3,DACH1,BCHE,SOSTDC1,ADRB2,DPYSL2,PID1,ZBTB16,PTPRD,CPB2,GHR,WIF1,GAB2,KANK2,TGFBR2,TRPV2,ANOS1,EML1,SEMA3G,PCDH17,ID4"
"GO:BP","anatomical structure formation involved in morphogenesis","GO:0048646","false","8.616918970349645e-15","14.064647990946208","1199","182","46","21026","CD36,CDH5,NPR1,TEK,TCF21,JAM2,STARD13,FOXF1,AGTR1,TAL1,RAMP2,RASIP1,TGFBR3,CLDN5,EPAS1,FZD4,CAV1,SASH1,S1PR1,CD93,SLIT2,MMRN2,TIE1,EMCN,RGCC,TBX2,SEMA5A,SPTBN1,NOTCH4,EMP2,MFNG,KLF2,TMEM100,CD34,PTPRB,ENG,HOXA5,QKI,GATA2,VSTM4,DLC1,GATA6,ANGPT1,TBX3,KLF4,TGFBR2"
"GO:BP","multicellular organismal process","GO:0032501","false","6.538405252716653e-14","13.184528165192747","7322","182","119","21026","FAM107A,CD36,EDNRB,CDH5,AGER,NPR1,TEK,TCF21,JAM2,PECAM1,STARD13,GPM6A,DUOX1,VWF,FABP4,FOXF1,AGTR1,LDB2,TAL1,RAMP2,RASIP1,ACADL,TGFBR3,CLDN5,SFTPC,EPAS1,FZD4,CAV1,SASH1,ADARB1,LRRN3,SPOCK2,S1PR1,TACC1,GPM6B,CD93,SLIT2,SLIT3,ASPA,MMRN2,SVEP1,TIE1,LIMS2,RAI2,EMCN,PPM1F,ACACB,FXYD1,CLDN18,GJA4,CAT,RGCC,TBX2,SEMA5A,TNNC1,FEZ1,SPTBN1,CRYAB,NOTCH4,CLIC5,HEG1,EMP2,ITM2A,MFNG,RAMP3,KLF2,KCNJ8,TMEM100,ARHGEF15,SYNM,MACF1,CD34,LRRC32,TMEM204,LPL,PTPRB,ENG,CHRDL1,HOXA5,FMO2,QKI,PDLIM2,THBD,GATA2,ARRB1,VSTM4,WFS1,DOCK4,KL,PCDH12,DLC1,GATA6,ANGPT1,TBX3,FRY,KLF4,DNASE1L3,DACH1,BCHE,SOSTDC1,ADRB2,DPYSL2,ZBTB16,PTPRD,CPB2,GHR,WIF1,GAB2,KANK2,TGFBR2,ABHD6,TRPV2,ANOS1,EML1,HBB,SELP,SEMA3G,PCDH17,ID4"
"GO:BP","animal organ development","GO:0048513","false","2.9365441475050494e-13","12.5321634656626","3085","182","72","21026","EDNRB,TEK,TCF21,PECAM1,GPM6A,FHL1,FOXF1,AGTR1,LDB2,TAL1,RAMP2,TGFBR3,CLDN5,KCNK3,EPAS1,FZD4,CAV1,ADARB1,S1PR1,TACC1,GPM6B,SLIT2,SLIT3,TIE1,LIMS2,RAI2,ACACB,CLDN18,CAT,RGCC,TBX2,SEMA5A,TNNC1,FEZ1,CRYAB,NOTCH4,HEG1,EMP2,CAV2,KLF2,KCNJ8,TMEM100,ARHGEF15,CD34,LPL,ENG,CHRDL1,HOXA5,QKI,PDLIM2,GATA2,VSTM4,CDO1,WFS1,KL,PCDH12,DLC1,GATA6,ANGPT1,TBX3,KLF4,SOSTDC1,ADRB2,ZBTB16,CPB2,GHR,WIF1,KANK2,TGFBR2,EML1,SEMA3G,ID4"
"GO:BP","positive regulation of biological process","GO:0048518","false","6.670516852805167e-13","12.175840514265635","6264","182","107","21026","FAM107A,CD36,GRK5,EDNRB,CDH5,AGER,NPR1,TEK,TCF21,JAM2,PECAM1,GPM6A,DUOX1,VWF,FHL1,FABP4,FOXF1,AGTR1,LDB2,ABCA8,TAL1,RAMP2,RASIP1,ACADL,TGFBR3,CLDN5,EPAS1,FZD4,CAV1,SASH1,ADARB1,LRRN3,SPOCK2,S1PR1,TACC1,GPM6B,SLIT2,FGFR4,ASPA,FHL5,MMRN2,SVEP1,TIE1,LIMS2,PPM1F,ACACB,FCN3,FXYD1,CAT,RGCC,TBX2,SEMA5A,FEZ1,SPTBN1,NOTCH4,HEG1,EMP2,ADIRF,LYVE1,MFNG,SESN1,RAMP3,CAV2,KLF2,KCNJ8,TMEM100,ARHGEF15,MACF1,CD34,ERG,LRRC32,LPL,ENG,CFD,HOXA5,QKI,THBD,SRPX,GATA2,ARRB1,WFS1,DOCK4,LMO2,KL,DLC1,GATA6,ANGPT1,TBX3,KLF4,ADRB2,PID1,ZBTB16,PTPRD,CPB2,GHR,WIF1,AHNAK,GAB2,TGFBR2,VIPR1,ABHD6,TRPV2,LIMCH1,HBB,SELP,SEMA3G,ID4"
"GO:BP","regulation of multicellular organismal process","GO:0051239","false","1.7797453583104727e-12","11.749642131057222","2956","182","69","21026","CD36,EDNRB,CDH5,AGER,NPR1,TEK,JAM2,FABP4,AGTR1,TAL1,RAMP2,ACADL,TGFBR3,CLDN5,EPAS1,FZD4,CAV1,SASH1,LRRN3,S1PR1,GPM6B,SLIT2,ASPA,MMRN2,SVEP1,TIE1,PPM1F,ACACB,FXYD1,CLDN18,RGCC,TBX2,SEMA5A,TNNC1,SPTBN1,NOTCH4,HEG1,EMP2,KLF2,KCNJ8,TMEM100,MACF1,CD34,LRRC32,LPL,ENG,HOXA5,QKI,THBD,GATA2,ARRB1,DOCK4,KL,GATA6,ANGPT1,TBX3,KLF4,SOSTDC1,ADRB2,ZBTB16,PTPRD,CPB2,GHR,TGFBR2,ABHD6,TRPV2,SELP,SEMA3G,ID4"
"GO:BP","regulation of multicellular organismal development","GO:2000026","false","5.080355916208413e-12","11.294105861135227","1418","182","46","21026","CD36,CDH5,AGER,NPR1,TEK,JAM2,TAL1,RAMP2,TGFBR3,CLDN5,FZD4,CAV1,SASH1,LRRN3,S1PR1,GPM6B,SLIT2,ASPA,MMRN2,TIE1,ACACB,CLDN18,RGCC,TBX2,SEMA5A,NOTCH4,EMP2,KLF2,TMEM100,MACF1,CD34,ENG,HOXA5,QKI,GATA2,KL,GATA6,TBX3,KLF4,ADRB2,ZBTB16,PTPRD,TGFBR2,TRPV2,SEMA3G,ID4"
"GO:BP","regulation of cell motility","GO:2000145","false","5.816113068843775e-12","11.235367159112979","1022","182","39","21026","FAM107A,CDH5,AGER,TEK,JAM2,PECAM1,STARD13,DUOX1,FOXF1,LDB2,TGFBR3,CLDN5,FZD4,CAV1,SASH1,ADARB1,SPOCK2,S1PR1,SLIT2,MMRN2,TIE1,PPM1F,RGCC,SEMA5A,EMP2,LYVE1,MACF1,ENG,GATA2,DOCK4,DLC1,ANGPT1,KLF4,DACH1,TGFBR2,ABHD6,LIMCH1,SELP,SEMA3G"
"GO:BP","locomotion","GO:0040011","false","7.578183072264711e-12","11.12043490733313","1255","182","43","21026","FAM107A,EDNRB,CDH5,AGER,TEK,JAM2,PECAM1,STARD13,DUOX1,FOXF1,AGTR1,LDB2,TGFBR3,CLDN5,FZD4,CAV1,SASH1,ADARB1,SPOCK2,S1PR1,SLIT2,SLIT3,MMRN2,TIE1,PPM1F,RGCC,SEMA5A,EMP2,LYVE1,MACF1,ENG,GATA2,DOCK4,DLC1,ANGPT1,KLF4,DACH1,TGFBR2,ABHD6,ANOS1,LIMCH1,SELP,SEMA3G"
"GO:BP","regulation of response to stimulus","GO:0048583","false","1.6443672088798915e-11","10.784001192281199","3993","182","80","21026","CD36,GRK5,EDNRB,CDH5,AGER,NPR1,TEK,TCF21,STARD13,DUOX1,VWF,FABP4,FOXF1,AGTR1,RAMP2,RASIP1,TGFBR3,FZD4,CAV1,SASH1,S1PR1,SLIT2,ARHGAP6,FGFR4,SLIT3,MMRN2,SVEP1,LIMS2,PPM1F,ACACB,FCN3,CLDN18,CAT,RGCC,SEMA5A,TNNC1,SPTBN1,HEG1,EMP2,MFNG,SESN1,RAMP3,CAV2,KLF2,KCNJ8,TMEM100,ARHGEF15,MACF1,PIP5K1B,TMEM204,LPL,ENG,FBLN5,CHRDL1,CFD,DENND3,THBD,SRPX,GATA2,ARRB1,WFS1,KL,DLC1,GATA6,ANGPT1,KLF4,DNASE1L3,SOSTDC1,ADRB2,PID1,INPP5A,PTPRD,CPB2,GHR,WIF1,KANK2,TGFBR2,ABHD6,SELP,WFDC1"
"GO:BP","cell migration","GO:0016477","false","2.01067539750993e-11","10.696658036041224","1534","182","47","21026","FAM107A,EDNRB,CDH5,AGER,TEK,JAM2,PECAM1,STARD13,GPM6A,FOXF1,AGTR1,LDB2,TGFBR3,CLDN5,FZD4,CAV1,SASH1,ADARB1,S1PR1,SLIT2,TNS1,FGFR4,MMRN2,TIE1,PPM1F,RGCC,SEMA5A,EMP2,LYVE1,MACF1,CD34,PTPRB,ENG,HOXA5,GATA2,VSTM4,DOCK4,DLC1,ANGPT1,KLF4,DACH1,KANK2,TGFBR2,ABHD6,LIMCH1,SELP,SEMA3G"
"GO:BP","regulation of locomotion","GO:0040012","false","2.3559031947116137e-11","10.627842558904595","1067","182","39","21026","FAM107A,CDH5,AGER,TEK,JAM2,PECAM1,STARD13,DUOX1,FOXF1,LDB2,TGFBR3,CLDN5,FZD4,CAV1,SASH1,ADARB1,SPOCK2,S1PR1,SLIT2,MMRN2,TIE1,PPM1F,RGCC,SEMA5A,EMP2,LYVE1,MACF1,ENG,GATA2,DOCK4,DLC1,ANGPT1,KLF4,DACH1,TGFBR2,ABHD6,LIMCH1,SELP,SEMA3G"
"GO:BP","regulation of cell migration","GO:0030334","false","2.491108323502034e-11","10.603607387165885","960","182","37","21026","FAM107A,CDH5,AGER,TEK,JAM2,PECAM1,STARD13,FOXF1,LDB2,TGFBR3,CLDN5,FZD4,CAV1,SASH1,ADARB1,S1PR1,SLIT2,MMRN2,TIE1,PPM1F,RGCC,SEMA5A,EMP2,LYVE1,MACF1,ENG,GATA2,DOCK4,DLC1,ANGPT1,KLF4,DACH1,TGFBR2,ABHD6,LIMCH1,SELP,SEMA3G"
"GO:BP","vasculogenesis","GO:0001570","false","3.294962443779791e-11","10.48214953116167","85","182","14","21026","FOXF1,RAMP2,RASIP1,TGFBR3,FZD4,CAV1,TIE1,HEG1,EMP2,TMEM100,CD34,ENG,QKI,TGFBR2"
"GO:BP","positive regulation of developmental process","GO:0051094","false","8.015415190845397e-11","10.096073976688135","1343","182","43","21026","CD36,CDH5,AGER,TEK,AGTR1,TAL1,RAMP2,TGFBR3,CLDN5,FZD4,SASH1,LRRN3,GPM6B,SLIT2,ASPA,MMRN2,TIE1,ACACB,RGCC,TBX2,SEMA5A,NOTCH4,EMP2,ADIRF,TMEM100,MACF1,CD34,LPL,ENG,HOXA5,QKI,GATA2,KL,GATA6,KLF4,ADRB2,ZBTB16,PTPRD,GHR,WIF1,TGFBR2,TRPV2,ID4"
"GO:BP","positive regulation of multicellular organismal process","GO:0051240","false","1.0119816780604772e-10","9.99482735033146","1667","182","48","21026","CD36,EDNRB,CDH5,AGER,NPR1,TEK,FABP4,RAMP2,ACADL,TGFBR3,EPAS1,FZD4,CAV1,SASH1,LRRN3,GPM6B,SLIT2,ASPA,MMRN2,SVEP1,TIE1,ACACB,RGCC,TBX2,SEMA5A,SPTBN1,HEG1,EMP2,MACF1,CD34,LPL,ENG,QKI,THBD,GATA2,KL,GATA6,ANGPT1,KLF4,ADRB2,ZBTB16,PTPRD,CPB2,GHR,TGFBR2,TRPV2,SELP,ID4"
"GO:BP","circulatory system process","GO:0003013","false","1.0479022380786888e-10","9.979679232088356","602","182","29","21026","CD36,EDNRB,CDH5,AGER,NPR1,TEK,AGTR1,RAMP2,CLDN5,EPAS1,CAV1,SLIT2,SVEP1,FXYD1,TBX2,TNNC1,HEG1,EMP2,RAMP3,KLF2,KCNJ8,ENG,VSTM4,DOCK4,KL,GATA6,ANGPT1,ADRB2,HBB"
"GO:BP","cell population proliferation","GO:0008283","false","1.295414065564745e-10","9.887591391700846","2015","182","53","21026","GRK5,EDNRB,CDH5,AGER,NPR1,TEK,FOXF1,AGTR1,TAL1,TGFBR3,CLDN5,FZD4,CAV1,ADARB1,S1PR1,TACC1,ADAMTS8,FGFR4,SLIT3,MMRN2,TIE1,LIMS2,CLDN18,RGCC,TBX2,SEMA5A,EMP2,CAV2,KCNJ8,CD34,LRRC32,ENG,HOXA5,SRPX,GATA2,VSTM4,DLC1,GATA6,ANGPT1,TBX3,KLF4,P3H2,DACH1,BCHE,PID1,ZBTB16,CPB2,GAB2,KANK2,TGFBR2,VIPR1,EML1,ID4"
"GO:BP","tissue development","GO:0009888","false","1.8170666545157921e-10","9.740629141400023","2032","182","53","21026","EDNRB,CDH5,TCF21,PECAM1,STARD13,FOXF1,LDB2,TAL1,RASIP1,TGFBR3,CLDN5,EPAS1,FZD4,CAV1,ADARB1,S1PR1,GPM6B,SLIT2,MMRN2,SVEP1,TIE1,GJA4,CAT,RGCC,TBX2,SEMA5A,TNNC1,NOTCH4,HEG1,EMP2,CAV2,KLF2,KCNJ8,TMEM100,CD34,LPL,ENG,HOXA5,QKI,GATA2,KL,DLC1,GATA6,TBX3,KLF4,SOSTDC1,ADRB2,ZBTB16,GHR,KANK2,TGFBR2,SEMA3G,ID4"
"GO:BP","cell motility","GO:0048870","false","3.7027283903844477e-10","9.431478143981755","1793","182","49","21026","FAM107A,EDNRB,CDH5,AGER,TEK,JAM2,PECAM1,STARD13,GPM6A,DUOX1,FOXF1,AGTR1,LDB2,TGFBR3,CLDN5,FZD4,CAV1,SASH1,ADARB1,SPOCK2,S1PR1,SLIT2,TNS1,FGFR4,MMRN2,TIE1,PPM1F,RGCC,SEMA5A,EMP2,LYVE1,MACF1,CD34,PTPRB,ENG,HOXA5,GATA2,VSTM4,DOCK4,DLC1,ANGPT1,KLF4,DACH1,KANK2,TGFBR2,ABHD6,LIMCH1,SELP,SEMA3G"
"GO:BP","positive regulation of cellular process","GO:0048522","false","4.4573979702244406e-10","9.350918589033292","5920","182","98","21026","FAM107A,CD36,GRK5,EDNRB,CDH5,AGER,NPR1,TEK,TCF21,JAM2,PECAM1,GPM6A,DUOX1,VWF,FABP4,FOXF1,AGTR1,LDB2,TAL1,RAMP2,RASIP1,ACADL,TGFBR3,CLDN5,EPAS1,FZD4,CAV1,SASH1,LRRN3,SPOCK2,S1PR1,TACC1,SLIT2,FGFR4,ASPA,FHL5,SVEP1,LIMS2,PPM1F,ACACB,FCN3,FXYD1,CAT,RGCC,TBX2,SEMA5A,FEZ1,SPTBN1,NOTCH4,HEG1,EMP2,ADIRF,LYVE1,MFNG,SESN1,RAMP3,CAV2,KLF2,TMEM100,ARHGEF15,MACF1,CD34,ERG,LRRC32,LPL,ENG,HOXA5,QKI,SRPX,GATA2,ARRB1,WFS1,DOCK4,LMO2,KL,DLC1,GATA6,ANGPT1,TBX3,KLF4,ADRB2,PID1,ZBTB16,PTPRD,CPB2,GHR,WIF1,AHNAK,GAB2,TGFBR2,VIPR1,ABHD6,TRPV2,LIMCH1,HBB,SELP,SEMA3G,ID4"
"GO:BP","biological regulation","GO:0065007","false","6.06237213910542e-10","9.217357407955296","12743","182","155","21026","FAM107A,CD36,GRK5,EDNRB,CDH5,AGER,NPR1,TEK,TCF21,JAM2,PECAM1,STARD13,GPM6A,DUOX1,VWF,FHL1,FABP4,ADH1B,FOXF1,AGTR1,LDB2,ABCA8,TAL1,RAMP2,RASIP1,ACADL,TGFBR3,CLDN5,KCNK3,EPAS1,FZD4,CAV1,SASH1,ADARB1,LRRN3,SPOCK2,S1PR1,TACC1,GPM6B,SLIT2,ARHGAP6,ADAMTS8,FGFR4,STXBP6,SLIT3,FXYD6,ASPA,FHL5,MMRN2,SVEP1,TIE1,ZNF106,LIMS2,EMCN,PPM1F,ACACB,FCN3,FXYD1,CLDN18,GJA4,CAT,RGCC,TBX2,SEMA5A,TNNC1,FEZ1,SPTBN1,CRYAB,NOTCH4,STX12,HEG1,EMP2,ARAP3,ADIRF,ITM2A,LYVE1,UPK3B,MFNG,SESN1,MFAP4,RAMP3,CAV2,KLF2,PKNOX2,KCNJ8,TMEM100,ARHGEF15,MACF1,PIP5K1B,CD34,ERG,LRRC32,ADGRL2,TMEM204,LPL,COX7A1,KANK3,ENG,FBLN5,CHRDL1,CFD,HOXA5,FMO2,QKI,DENND3,TTC28,THBD,SRPX,GATA2,ARRB1,VSTM4,CDO1,WFS1,DOCK4,ARHGEF6,LMO2,KL,DLC1,GATA6,ANGPT1,TBX3,OLFML1,FRY,KLF4,P3H2,DNASE1L3,DACH1,BCHE,SOSTDC1,ADRB2,DPYSL2,CTNNAL1,PID1,ZBTB16,INPP5A,SPARCL1,PTPRD,CPB2,GHR,WIF1,AHNAK,GAB2,KANK2,SPTAN1,TGFBR2,VIPR1,ABHD6,TRPV2,LIMCH1,HBB,SELP,WFDC1,SEMA3G,PCDH17,ID4"
"GO:BP","blood circulation","GO:0008015","false","9.3868198504356e-10","9.027481516928274","518","182","26","21026","EDNRB,CDH5,AGER,NPR1,TEK,AGTR1,RAMP2,CLDN5,EPAS1,CAV1,SLIT2,SVEP1,FXYD1,TBX2,TNNC1,EMP2,KLF2,KCNJ8,ENG,VSTM4,DOCK4,KL,GATA6,ANGPT1,ADRB2,HBB"
"GO:BP","regulation of developmental process","GO:0050793","false","2.149371671137422e-9","8.667688479451657","2457","182","57","21026","CD36,EDNRB,CDH5,AGER,NPR1,TEK,JAM2,AGTR1,TAL1,RAMP2,TGFBR3,CLDN5,FZD4,CAV1,SASH1,LRRN3,SPOCK2,S1PR1,GPM6B,SLIT2,ASPA,MMRN2,TIE1,ACACB,CLDN18,RGCC,TBX2,SEMA5A,NOTCH4,EMP2,ADIRF,KLF2,TMEM100,ARHGEF15,MACF1,CD34,LPL,ENG,HOXA5,QKI,GATA2,KL,DLC1,GATA6,TBX3,KLF4,SOSTDC1,ADRB2,PID1,ZBTB16,PTPRD,GHR,WIF1,TGFBR2,TRPV2,SEMA3G,ID4"
"GO:BP","regulation of angiogenesis","GO:0045765","false","2.1534654005250188e-9","8.666862101603622","293","182","20","21026","CD36,CDH5,NPR1,TEK,RAMP2,CLDN5,SASH1,TIE1,RGCC,SEMA5A,EMP2,KLF2,CD34,ENG,HOXA5,QKI,GATA2,GATA6,KLF4,TGFBR2"
"GO:BP","regulation of cell population proliferation","GO:0042127","false","2.5981640550275125e-9","8.585333429882033","1685","182","46","21026","GRK5,EDNRB,CDH5,AGER,NPR1,TEK,FOXF1,AGTR1,TAL1,TGFBR3,CLDN5,CAV1,ADARB1,S1PR1,ADAMTS8,FGFR4,SLIT3,MMRN2,TIE1,LIMS2,RGCC,TBX2,SEMA5A,EMP2,CAV2,LRRC32,ENG,HOXA5,SRPX,GATA2,DLC1,GATA6,ANGPT1,TBX3,KLF4,P3H2,DACH1,BCHE,PID1,ZBTB16,CPB2,GAB2,KANK2,TGFBR2,VIPR1,ID4"
"GO:BP","regulation of biological process","GO:0050789","false","2.7198822699976797e-9","8.565449893979373","12336","182","151","21026","FAM107A,CD36,GRK5,EDNRB,CDH5,AGER,NPR1,TEK,TCF21,JAM2,PECAM1,STARD13,GPM6A,DUOX1,VWF,FHL1,FABP4,FOXF1,AGTR1,LDB2,ABCA8,TAL1,RAMP2,RASIP1,ACADL,TGFBR3,CLDN5,KCNK3,EPAS1,FZD4,CAV1,SASH1,ADARB1,LRRN3,SPOCK2,S1PR1,TACC1,GPM6B,SLIT2,ARHGAP6,ADAMTS8,FGFR4,STXBP6,SLIT3,FXYD6,ASPA,FHL5,MMRN2,SVEP1,TIE1,ZNF106,LIMS2,EMCN,PPM1F,ACACB,FCN3,FXYD1,CLDN18,GJA4,CAT,RGCC,TBX2,SEMA5A,TNNC1,FEZ1,SPTBN1,CRYAB,NOTCH4,HEG1,EMP2,ARAP3,ADIRF,ITM2A,LYVE1,UPK3B,MFNG,SESN1,MFAP4,RAMP3,CAV2,KLF2,PKNOX2,KCNJ8,TMEM100,ARHGEF15,MACF1,PIP5K1B,CD34,ERG,LRRC32,ADGRL2,TMEM204,LPL,COX7A1,KANK3,ENG,FBLN5,CHRDL1,CFD,HOXA5,FMO2,QKI,DENND3,TTC28,THBD,SRPX,GATA2,ARRB1,WFS1,DOCK4,ARHGEF6,LMO2,KL,DLC1,GATA6,ANGPT1,TBX3,OLFML1,FRY,KLF4,P3H2,DNASE1L3,DACH1,BCHE,SOSTDC1,ADRB2,DPYSL2,CTNNAL1,PID1,ZBTB16,INPP5A,SPARCL1,PTPRD,CPB2,GHR,WIF1,AHNAK,GAB2,KANK2,SPTAN1,TGFBR2,VIPR1,ABHD6,TRPV2,LIMCH1,HBB,SELP,WFDC1,SEMA3G,PCDH17,ID4"
"GO:BP","regulation of vasculature development","GO:1901342","false","3.1316190094308773e-9","8.504231079361993","299","182","20","21026","CD36,CDH5,NPR1,TEK,RAMP2,CLDN5,SASH1,TIE1,RGCC,SEMA5A,EMP2,KLF2,CD34,ENG,HOXA5,QKI,GATA2,GATA6,KLF4,TGFBR2"
"GO:BP","negative regulation of cellular process","GO:0048523","false","4.1285779737040834e-9","8.384199508759814","5629","182","93","21026","FAM107A,CD36,GRK5,EDNRB,CDH5,AGER,NPR1,TEK,TCF21,JAM2,STARD13,FHL1,FABP4,FOXF1,LDB2,TAL1,RAMP2,RASIP1,ACADL,TGFBR3,CLDN5,FZD4,CAV1,ADARB1,SPOCK2,S1PR1,GPM6B,SLIT2,ARHGAP6,ADAMTS8,STXBP6,SLIT3,MMRN2,TIE1,LIMS2,PPM1F,ACACB,FCN3,FXYD1,CLDN18,CAT,RGCC,TBX2,SEMA5A,FEZ1,SPTBN1,CRYAB,NOTCH4,HEG1,ITM2A,UPK3B,SESN1,CAV2,KLF2,ARHGEF15,CD34,LRRC32,KANK3,ENG,CHRDL1,HOXA5,FMO2,QKI,THBD,SRPX,GATA2,ARRB1,WFS1,DLC1,GATA6,ANGPT1,TBX3,FRY,KLF4,P3H2,DACH1,BCHE,SOSTDC1,ADRB2,PID1,ZBTB16,INPP5A,PTPRD,CPB2,WIF1,KANK2,SPTAN1,ABHD6,LIMCH1,WFDC1,SEMA3G,PCDH17,ID4"
"GO:BP","negative regulation of biological process","GO:0048519","false","4.5357223188401635e-9","8.343353541215425","5834","182","95","21026","FAM107A,CD36,GRK5,EDNRB,CDH5,AGER,NPR1,TEK,TCF21,JAM2,STARD13,FHL1,FABP4,FOXF1,LDB2,TAL1,RAMP2,RASIP1,ACADL,TGFBR3,CLDN5,FZD4,CAV1,ADARB1,SPOCK2,S1PR1,GPM6B,SLIT2,ARHGAP6,ADAMTS8,STXBP6,SLIT3,MMRN2,SVEP1,TIE1,LIMS2,PPM1F,ACACB,FCN3,FXYD1,CLDN18,CAT,RGCC,TBX2,SEMA5A,FEZ1,SPTBN1,CRYAB,NOTCH4,HEG1,ITM2A,UPK3B,SESN1,CAV2,KLF2,ARHGEF15,CD34,LRRC32,KANK3,ENG,CHRDL1,HOXA5,FMO2,QKI,THBD,SRPX,GATA2,ARRB1,WFS1,DOCK4,DLC1,GATA6,ANGPT1,TBX3,FRY,KLF4,P3H2,DACH1,BCHE,SOSTDC1,ADRB2,PID1,ZBTB16,INPP5A,PTPRD,CPB2,WIF1,KANK2,SPTAN1,ABHD6,LIMCH1,WFDC1,SEMA3G,PCDH17,ID4"
"GO:BP","vascular process in circulatory system","GO:0003018","false","5.42260416866056e-9","8.26579209640184","272","182","19","21026","CD36,EDNRB,CDH5,AGER,NPR1,TEK,AGTR1,RAMP2,CLDN5,CAV1,SLIT2,SVEP1,KLF2,KCNJ8,VSTM4,DOCK4,ANGPT1,ADRB2,HBB"
"GO:BP","cell differentiation","GO:0030154","false","5.835928045668385e-9","8.2338900713985","4437","182","80","21026","CD36,GRK5,EDNRB,CDH5,AGER,TEK,TCF21,JAM2,PECAM1,GPM6A,FHL1,FABP4,FOXF1,AGTR1,TAL1,RAMP2,RASIP1,TGFBR3,CLDN5,EPAS1,FZD4,CAV1,ADARB1,SPOCK2,S1PR1,GPM6B,SLIT2,SLIT3,ASPA,TIE1,CLDN18,CAT,RGCC,TBX2,SEMA5A,FEZ1,NOTCH4,HEG1,EMP2,ADIRF,ITM2A,MFNG,CAV2,KLF2,KCNJ8,TMEM100,MACF1,CD34,DIAPH2,TMEM204,LPL,PTPRB,ENG,CHRDL1,HOXA5,QKI,GATA2,PCDH12,SNRK,GATA6,ANGPT1,TBX3,FRY,KLF4,DNASE1L3,BCHE,SOSTDC1,ADRB2,DPYSL2,ZBTB16,PTPRD,GHR,WIF1,GAB2,TGFBR2,TRPV2,ANOS1,EML1,SEMA3G,ID4"
"GO:BP","cellular developmental process","GO:0048869","false","5.907345268064708e-9","8.228607645083786","4438","182","80","21026","CD36,GRK5,EDNRB,CDH5,AGER,TEK,TCF21,JAM2,PECAM1,GPM6A,FHL1,FABP4,FOXF1,AGTR1,TAL1,RAMP2,RASIP1,TGFBR3,CLDN5,EPAS1,FZD4,CAV1,ADARB1,SPOCK2,S1PR1,GPM6B,SLIT2,SLIT3,ASPA,TIE1,CLDN18,CAT,RGCC,TBX2,SEMA5A,FEZ1,NOTCH4,HEG1,EMP2,ADIRF,ITM2A,MFNG,CAV2,KLF2,KCNJ8,TMEM100,MACF1,CD34,DIAPH2,TMEM204,LPL,PTPRB,ENG,CHRDL1,HOXA5,QKI,GATA2,PCDH12,SNRK,GATA6,ANGPT1,TBX3,FRY,KLF4,DNASE1L3,BCHE,SOSTDC1,ADRB2,DPYSL2,ZBTB16,PTPRD,GHR,WIF1,GAB2,TGFBR2,TRPV2,ANOS1,EML1,SEMA3G,ID4"
"GO:BP","regulation of biological quality","GO:0065008","false","1.0743665966898787e-8","7.968847502851235","2947","182","62","21026","FAM107A,CD36,EDNRB,CDH5,AGER,NPR1,TEK,GPM6A,DUOX1,VWF,FHL1,ADH1B,AGTR1,RAMP2,RASIP1,CLDN5,KCNK3,EPAS1,FZD4,CAV1,LRRN3,SLIT2,SVEP1,FXYD1,SEMA5A,TNNC1,SPTBN1,CRYAB,STX12,HEG1,EMP2,KLF2,KCNJ8,ARHGEF15,MACF1,KANK3,ENG,CHRDL1,QKI,THBD,GATA2,VSTM4,CDO1,WFS1,DOCK4,KL,DLC1,ANGPT1,TBX3,BCHE,ADRB2,PID1,PTPRD,CPB2,GHR,KANK2,SPTAN1,ABHD6,TRPV2,HBB,SELP,SEMA3G"
"GO:BP","response to stimulus","GO:0050896","false","2.0739904666453846e-8","7.683193244230883","8999","182","123","21026","FAM107A,CD36,GRK5,EDNRB,CDH5,AGER,NPR1,TEK,TCF21,PECAM1,STARD13,GPM6A,DUOX1,VWF,FABP4,FOXF1,AGTR1,RAMP2,RASIP1,TGFBR3,CLDN5,KCNK3,EPAS1,FZD4,CAV1,SASH1,ADARB1,SPOCK2,S1PR1,SLIT2,AOC3,ARHGAP6,FGFR4,SLIT3,MMRN2,SVEP1,TIE1,ZNF106,LIMS2,PPM1F,ACACB,FCN3,CLDN18,GJA4,CAT,RGCC,TBX2,SEMA5A,TNNC1,FEZ1,SPTBN1,CRYAB,NOTCH4,HEG1,EMP2,ARAP3,GPX3,ITM2A,LYVE1,MFNG,SESN1,MFAP4,RAMP3,CAV2,KLF2,KCNJ8,TMEM100,ARHGEF15,MACF1,PIP5K1B,CD34,ERG,LRRC32,ADGRL2,TMEM204,LPL,ENG,FBLN5,CHRDL1,CFD,FMO2,DENND3,THBD,SRPX,GATA2,ARRB1,CDO1,WFS1,DOCK4,ARHGEF6,KL,DLC1,GATA6,ANGPT1,TBX3,OLFML1,KLF4,DNASE1L3,DACH1,BCHE,SOSTDC1,ADRB2,DPYSL2,CTNNAL1,PID1,INPP5A,SPARCL1,PTPRD,CPB2,GHR,WIF1,AHNAK,GAB2,KANK2,TGFBR2,VIPR1,ABHD6,TRPV2,ANOS1,HBB,SELP,WFDC1,SEMA3G"
"GO:BP","cell junction assembly","GO:0034329","false","2.306220788934727e-8","7.637099117324962","503","182","24","21026","FAM107A,CDH5,TEK,PECAM1,GPM6A,RAMP2,CLDN5,CAV1,LRRN3,SPOCK2,GPM6B,ARHGAP6,TNS1,PPM1F,CLDN18,GJA4,KCNJ8,ARHGEF15,MACF1,DOCK4,DLC1,PTPRD,LIMCH1,PCDH17"
"GO:BP","signaling","GO:0023052","false","2.829434892186096e-8","7.548300295116047","6515","182","100","21026","FAM107A,CD36,GRK5,EDNRB,CDH5,AGER,NPR1,TEK,TCF21,PECAM1,STARD13,DUOX1,VWF,FOXF1,AGTR1,RAMP2,RASIP1,TGFBR3,CLDN5,KCNK3,EPAS1,FZD4,CAV1,SASH1,ADARB1,S1PR1,SLIT2,ARHGAP6,FGFR4,SLIT3,MMRN2,SVEP1,TIE1,ZNF106,LIMS2,PPM1F,FCN3,CLDN18,GJA4,CAT,TBX2,SEMA5A,SPTBN1,CRYAB,NOTCH4,HEG1,EMP2,ARAP3,MFNG,SESN1,RAMP3,CAV2,KLF2,KCNJ8,TMEM100,ARHGEF15,MACF1,PIP5K1B,CD34,ERG,LRRC32,ADGRL2,TMEM204,LPL,ENG,CHRDL1,HOXA5,DENND3,SRPX,GATA2,ARRB1,WFS1,DOCK4,ARHGEF6,KL,DLC1,GATA6,ANGPT1,TBX3,OLFML1,KLF4,BCHE,SOSTDC1,ADRB2,DPYSL2,CTNNAL1,PID1,INPP5A,SPARCL1,PTPRD,GHR,WIF1,GAB2,KANK2,TGFBR2,VIPR1,ABHD6,SELP,SEMA3G,PCDH17"
"GO:BP","heart morphogenesis","GO:0003007","false","3.542379216929684e-8","7.450704948791218","266","182","18","21026","TEK,FOXF1,TGFBR3,CLDN5,S1PR1,SLIT2,SLIT3,TBX2,TNNC1,HEG1,EMP2,KCNJ8,TMEM100,ENG,DLC1,GATA6,TBX3,TGFBR2"
"GO:BP","cell communication","GO:0007154","false","3.622958852023647e-8","7.440936598463546","6540","182","100","21026","FAM107A,CD36,GRK5,EDNRB,CDH5,AGER,NPR1,TEK,TCF21,PECAM1,STARD13,DUOX1,VWF,FOXF1,AGTR1,RAMP2,RASIP1,TGFBR3,CLDN5,KCNK3,EPAS1,FZD4,CAV1,SASH1,ADARB1,S1PR1,SLIT2,ARHGAP6,FGFR4,SLIT3,MMRN2,SVEP1,TIE1,ZNF106,LIMS2,PPM1F,FCN3,CLDN18,GJA4,CAT,TBX2,SEMA5A,SPTBN1,CRYAB,NOTCH4,HEG1,EMP2,ARAP3,MFNG,SESN1,RAMP3,CAV2,KLF2,KCNJ8,TMEM100,ARHGEF15,MACF1,PIP5K1B,CD34,ERG,LRRC32,ADGRL2,TMEM204,LPL,ENG,CHRDL1,HOXA5,DENND3,SRPX,GATA2,ARRB1,WFS1,DOCK4,ARHGEF6,KL,DLC1,GATA6,ANGPT1,TBX3,OLFML1,KLF4,BCHE,SOSTDC1,ADRB2,DPYSL2,CTNNAL1,PID1,INPP5A,SPARCL1,PTPRD,GHR,WIF1,GAB2,KANK2,TGFBR2,VIPR1,ABHD6,SELP,SEMA3G,PCDH17"
"GO:BP","regulation of cellular process","GO:0050794","false","3.633191716040331e-8","7.439711684707721","11946","182","146","21026","FAM107A,CD36,GRK5,EDNRB,CDH5,AGER,NPR1,TEK,TCF21,JAM2,PECAM1,STARD13,GPM6A,DUOX1,VWF,FHL1,FABP4,FOXF1,AGTR1,LDB2,TAL1,RAMP2,RASIP1,ACADL,TGFBR3,CLDN5,EPAS1,FZD4,CAV1,SASH1,ADARB1,LRRN3,SPOCK2,S1PR1,TACC1,GPM6B,SLIT2,ARHGAP6,ADAMTS8,FGFR4,STXBP6,SLIT3,ASPA,FHL5,MMRN2,SVEP1,TIE1,ZNF106,LIMS2,EMCN,PPM1F,ACACB,FCN3,FXYD1,CLDN18,CAT,RGCC,TBX2,SEMA5A,TNNC1,FEZ1,SPTBN1,CRYAB,NOTCH4,HEG1,EMP2,ARAP3,ADIRF,ITM2A,LYVE1,UPK3B,MFNG,SESN1,MFAP4,RAMP3,CAV2,KLF2,PKNOX2,KCNJ8,TMEM100,ARHGEF15,MACF1,PIP5K1B,CD34,ERG,LRRC32,ADGRL2,TMEM204,LPL,COX7A1,KANK3,ENG,FBLN5,CHRDL1,HOXA5,FMO2,QKI,DENND3,TTC28,THBD,SRPX,GATA2,ARRB1,WFS1,DOCK4,ARHGEF6,LMO2,KL,DLC1,GATA6,ANGPT1,TBX3,OLFML1,FRY,KLF4,P3H2,DNASE1L3,DACH1,BCHE,SOSTDC1,ADRB2,DPYSL2,CTNNAL1,PID1,ZBTB16,INPP5A,SPARCL1,PTPRD,CPB2,GHR,WIF1,AHNAK,GAB2,KANK2,SPTAN1,TGFBR2,VIPR1,ABHD6,TRPV2,LIMCH1,HBB,SELP,WFDC1,SEMA3G,PCDH17,ID4"
"GO:BP","response to endogenous stimulus","GO:0009719","false","4.438647686337852e-8","7.35274932533995","1489","182","41","21026","FAM107A,CD36,EDNRB,CDH5,TEK,TCF21,AGTR1,RAMP2,TGFBR3,CLDN5,FZD4,CAV1,SLIT2,FGFR4,SLIT3,MMRN2,ZNF106,CLDN18,CAT,TBX2,FEZ1,RAMP3,CAV2,KLF2,KCNJ8,TMEM100,LRRC32,TMEM204,LPL,ENG,CHRDL1,CDO1,KL,GATA6,KLF4,BCHE,SOSTDC1,PID1,GHR,KANK2,TGFBR2"
"GO:BP","regulation of anatomical structure morphogenesis","GO:0022603","false","5.59488002521947e-8","7.252209221904854","831","182","30","21026","CD36,CDH5,NPR1,TEK,RAMP2,CLDN5,FZD4,SASH1,SLIT2,MMRN2,TIE1,RGCC,TBX2,SEMA5A,EMP2,KLF2,MACF1,CD34,ENG,HOXA5,QKI,GATA2,DLC1,GATA6,KLF4,PID1,PTPRD,TGFBR2,TRPV2,SEMA3G"
"GO:BP","regulation of cellular component biogenesis","GO:0044087","false","7.283888338336738e-8","7.137636720539926","1011","182","33","21026","FAM107A,CD36,CDH5,TEK,GPM6A,LDB2,TAL1,RASIP1,TGFBR3,CLDN5,CAV1,LRRN3,S1PR1,GPM6B,SLIT2,ARHGAP6,STXBP6,TIE1,PPM1F,RGCC,FEZ1,SPTBN1,CRYAB,ARHGEF15,MACF1,KANK3,DOCK4,DLC1,PTPRD,KANK2,SPTAN1,LIMCH1,SELP"
"GO:BP","cell-substrate adhesion","GO:0031589","false","7.471158055652195e-8","7.126612075801876","356","182","20","21026","FAM107A,CD36,TEK,VWF,FOXF1,FZD4,SPOCK2,GPM6B,ARHGAP6,SVEP1,LIMS2,PPM1F,EMP2,LYVE1,MACF1,CD34,FBLN5,DLC1,ANGPT1,LIMCH1"
"GO:BP","regulation of signal transduction","GO:0009966","false","1.1762051945696642e-7","6.929516906920073","3034","182","61","21026","CD36,GRK5,EDNRB,CDH5,AGER,NPR1,TEK,TCF21,STARD13,VWF,RAMP2,RASIP1,TGFBR3,FZD4,CAV1,SASH1,SLIT2,ARHGAP6,FGFR4,SLIT3,MMRN2,LIMS2,CLDN18,CAT,SEMA5A,SPTBN1,HEG1,EMP2,MFNG,SESN1,RAMP3,CAV2,KLF2,TMEM100,ARHGEF15,MACF1,PIP5K1B,TMEM204,ENG,CHRDL1,DENND3,SRPX,GATA2,ARRB1,WFS1,KL,DLC1,GATA6,ANGPT1,KLF4,SOSTDC1,ADRB2,PID1,INPP5A,PTPRD,GHR,WIF1,KANK2,TGFBR2,ABHD6,SELP"
"GO:BP","positive regulation of cell differentiation","GO:0045597","false","2.1926277493108445e-7","6.659035093877774","879","182","30","21026","CD36,CDH5,AGER,AGTR1,TAL1,RAMP2,CLDN5,FZD4,SLIT2,ASPA,RGCC,SEMA5A,NOTCH4,EMP2,ADIRF,TMEM100,MACF1,CD34,LPL,ENG,HOXA5,QKI,GATA2,ZBTB16,PTPRD,GHR,WIF1,TGFBR2,TRPV2,ID4"
"GO:BP","multicellular organismal-level homeostasis","GO:0048871","false","2.3357116914483197e-7","6.63158076538689","825","182","29","21026","CD36,EDNRB,CDH5,JAM2,PECAM1,FABP4,LDB2,TAL1,ACADL,TGFBR3,CLDN5,EPAS1,CAV1,S1PR1,EMCN,ACACB,CLDN18,KLF2,CD34,HOXA5,FMO2,QKI,GATA2,VSTM4,WFS1,ANGPT1,ADRB2,ABHD6,TRPV2"
"GO:BP","sprouting angiogenesis","GO:0002040","false","2.422741824023616e-7","6.615692863359761","132","182","13","21026","TEK,STARD13,AGTR1,RAMP2,TGFBR3,SLIT2,MMRN2,SEMA5A,KLF2,GATA2,VSTM4,ANGPT1,KLF4"
"GO:BP","cell junction organization","GO:0034330","false","3.012842581987062e-7","6.521023559186371","834","182","29","21026","FAM107A,CDH5,TEK,PECAM1,GPM6A,RAMP2,CLDN5,CAV1,LRRN3,SPOCK2,GPM6B,ARHGAP6,TNS1,SVEP1,LIMS2,PPM1F,CLDN18,GJA4,HEG1,KCNJ8,ARHGEF15,MACF1,CHRDL1,DOCK4,DLC1,SPARCL1,PTPRD,LIMCH1,PCDH17"
"GO:BP","smooth muscle cell differentiation","GO:0051145","true","4.045624288418622e-7","6.393014452025671","65","182","10","21026","EDNRB,FOXF1,RAMP2,TBX2,NOTCH4,TMEM204,ENG,QKI,GATA6,TBX3"
"GO:BP","endothelium development","GO:0003158","false","4.2425936893081795e-7","6.372368558367909","138","182","13","21026","EDNRB,CDH5,PECAM1,STARD13,CLDN5,FZD4,S1PR1,TIE1,GJA4,NOTCH4,HEG1,TMEM100,CD34"
"GO:BP","regulation of cell adhesion","GO:0030155","false","4.711896101876561e-7","6.3268042943837655","794","182","28","21026","FAM107A,CD36,AGER,TEK,FOXF1,FZD4,CAV1,SPOCK2,S1PR1,GPM6B,ARHGAP6,LIMS2,EMCN,PPM1F,RGCC,SEMA5A,NOTCH4,EMP2,MACF1,LRRC32,ENG,DLC1,ANGPT1,KLF4,ZBTB16,TGFBR2,LIMCH1,SELP"
"GO:BP","regulation of signaling","GO:0023051","false","4.858113904292186e-7","6.313532306857846","3478","182","65","21026","FAM107A,CD36,GRK5,EDNRB,CDH5,AGER,NPR1,TEK,TCF21,STARD13,VWF,AGTR1,RAMP2,RASIP1,TGFBR3,FZD4,CAV1,SASH1,SLIT2,ARHGAP6,FGFR4,SLIT3,MMRN2,LIMS2,CLDN18,CAT,SEMA5A,SPTBN1,HEG1,EMP2,MFNG,SESN1,RAMP3,CAV2,KLF2,TMEM100,ARHGEF15,MACF1,PIP5K1B,TMEM204,ENG,CHRDL1,DENND3,SRPX,GATA2,ARRB1,WFS1,KL,DLC1,GATA6,ANGPT1,KLF4,BCHE,SOSTDC1,ADRB2,PID1,INPP5A,PTPRD,GHR,WIF1,KANK2,TGFBR2,ABHD6,SELP,PCDH17"
"GO:BP","epithelial cell proliferation","GO:0050673","false","5.031495446267947e-7","6.2983029160302175","441","182","21","21026","EDNRB,TEK,AGTR1,TGFBR3,CAV1,MMRN2,TIE1,LIMS2,CLDN18,RGCC,TBX2,SEMA5A,CAV2,CD34,ENG,HOXA5,GATA2,VSTM4,GATA6,DACH1,CPB2"
"GO:BP","signal transduction","GO:0007165","false","5.258002462459873e-7","6.279179214838161","6002","182","92","21026","CD36,GRK5,EDNRB,CDH5,AGER,NPR1,TEK,TCF21,PECAM1,STARD13,DUOX1,VWF,FOXF1,AGTR1,RAMP2,RASIP1,TGFBR3,CLDN5,EPAS1,FZD4,CAV1,SASH1,S1PR1,SLIT2,ARHGAP6,FGFR4,SLIT3,MMRN2,SVEP1,TIE1,ZNF106,LIMS2,PPM1F,FCN3,CLDN18,CAT,TBX2,SEMA5A,SPTBN1,CRYAB,NOTCH4,HEG1,EMP2,ARAP3,MFNG,SESN1,RAMP3,CAV2,KLF2,KCNJ8,TMEM100,ARHGEF15,MACF1,PIP5K1B,CD34,ERG,LRRC32,ADGRL2,TMEM204,LPL,ENG,CHRDL1,DENND3,SRPX,GATA2,ARRB1,WFS1,DOCK4,ARHGEF6,KL,DLC1,GATA6,ANGPT1,OLFML1,KLF4,SOSTDC1,ADRB2,DPYSL2,CTNNAL1,PID1,INPP5A,SPARCL1,PTPRD,GHR,WIF1,GAB2,KANK2,TGFBR2,VIPR1,ABHD6,SELP,SEMA3G"
"GO:BP","regulation of cell communication","GO:0010646","false","5.361746296782836e-7","6.2706937394978555","3486","182","65","21026","FAM107A,CD36,GRK5,EDNRB,CDH5,AGER,NPR1,TEK,TCF21,STARD13,VWF,AGTR1,RAMP2,RASIP1,TGFBR3,FZD4,CAV1,SASH1,SLIT2,ARHGAP6,FGFR4,SLIT3,MMRN2,LIMS2,CLDN18,CAT,SEMA5A,SPTBN1,HEG1,EMP2,MFNG,SESN1,RAMP3,CAV2,KLF2,TMEM100,ARHGEF15,MACF1,PIP5K1B,TMEM204,ENG,CHRDL1,DENND3,SRPX,GATA2,ARRB1,WFS1,KL,DLC1,GATA6,ANGPT1,KLF4,BCHE,SOSTDC1,ADRB2,PID1,INPP5A,PTPRD,GHR,WIF1,KANK2,TGFBR2,ABHD6,SELP,PCDH17"
"GO:BP","regulation of cellular component organization","GO:0051128","false","6.214236072605998e-7","6.206612252355155","2433","182","52","21026","FAM107A,CD36,CDH5,NPR1,TEK,GPM6A,FHL1,AGTR1,TAL1,RASIP1,TGFBR3,CLDN5,FZD4,CAV1,LRRN3,S1PR1,GPM6B,SLIT2,ARHGAP6,FGFR4,STXBP6,SLIT3,TIE1,PPM1F,FCN3,RGCC,SEMA5A,FEZ1,SPTBN1,CRYAB,CAV2,ARHGEF15,MACF1,KANK3,GATA2,ARRB1,DOCK4,DLC1,ANGPT1,KLF4,ADRB2,PID1,PTPRD,CPB2,AHNAK,KANK2,SPTAN1,TRPV2,LIMCH1,SELP,WFDC1,SEMA3G"
"GO:BP","response to lipid","GO:0033993","true","8.451554389427129e-7","6.073063409314311","930","182","30","21026","FAM107A,CD36,EDNRB,TCF21,TGFBR3,FZD4,CAV1,SASH1,SLIT2,SLIT3,TIE1,CAT,TBX2,CRYAB,GPX3,RAMP3,KCNJ8,LPL,THBD,GATA2,CDO1,KL,GATA6,KLF4,BCHE,PID1,GHR,KANK2,TGFBR2,SELP"
"GO:BP","epithelium development","GO:0060429","false","8.494339068498845e-7","6.0708704072682265","1238","182","35","21026","EDNRB,CDH5,TCF21,PECAM1,STARD13,FOXF1,LDB2,RASIP1,CLDN5,EPAS1,FZD4,CAV1,S1PR1,SLIT2,MMRN2,TIE1,GJA4,CAT,TBX2,NOTCH4,HEG1,KLF2,TMEM100,CD34,ENG,HOXA5,GATA2,DLC1,GATA6,TBX3,KLF4,SOSTDC1,KANK2,TGFBR2,ID4"
"GO:BP","positive regulation of locomotion","GO:0040017","false","9.405202479918073e-7","6.026631850303444","603","182","24","21026","FAM107A,CDH5,AGER,TEK,JAM2,PECAM1,DUOX1,FOXF1,TGFBR3,FZD4,CAV1,SASH1,SPOCK2,S1PR1,SLIT2,PPM1F,SEMA5A,LYVE1,GATA2,DOCK4,ANGPT1,TGFBR2,SELP,SEMA3G"
"GO:BP","tissue morphogenesis","GO:0048729","false","0.000001349488362274212","5.869830856362659","614","182","24","21026","TCF21,STARD13,FOXF1,TAL1,RASIP1,TGFBR3,ADARB1,S1PR1,SLIT2,MMRN2,TIE1,TBX2,TNNC1,NOTCH4,HEG1,TMEM100,ENG,HOXA5,DLC1,TBX3,KLF4,SOSTDC1,TGFBR2,ID4"
"GO:BP","response to oxygen-containing compound","GO:1901700","false","0.0000014326704909442403","5.843853684285203","1669","182","41","21026","CD36,EDNRB,AGER,TEK,DUOX1,AGTR1,TGFBR3,CLDN5,FZD4,CAV1,SASH1,SLIT2,SLIT3,TIE1,ZNF106,CLDN18,CAT,TBX2,CRYAB,GPX3,SESN1,RAMP3,CAV2,KLF2,KCNJ8,LPL,FBLN5,THBD,CDO1,KL,GATA6,KLF4,BCHE,ADRB2,PID1,CPB2,GHR,KANK2,TGFBR2,HBB,SELP"
"GO:BP","cardiac chamber morphogenesis","GO:0003206","false","0.0000015608371458016615","5.806642407872429","124","182","12","21026","TEK,FOXF1,TGFBR3,SLIT2,SLIT3,TBX2,TNNC1,HEG1,ENG,GATA6,TBX3,TGFBR2"
"GO:BP","cellular response to stimulus","GO:0051716","false","0.0000016541269168261324","5.781431171226871","7376","182","104","21026","FAM107A,CD36,GRK5,EDNRB,CDH5,AGER,NPR1,TEK,TCF21,PECAM1,STARD13,DUOX1,VWF,FABP4,FOXF1,AGTR1,RAMP2,RASIP1,TGFBR3,CLDN5,KCNK3,EPAS1,FZD4,CAV1,SASH1,S1PR1,SLIT2,ARHGAP6,FGFR4,SLIT3,MMRN2,SVEP1,TIE1,ZNF106,LIMS2,PPM1F,FCN3,CLDN18,CAT,RGCC,TBX2,SEMA5A,SPTBN1,CRYAB,NOTCH4,HEG1,EMP2,ARAP3,GPX3,MFNG,SESN1,MFAP4,RAMP3,CAV2,KLF2,KCNJ8,TMEM100,ARHGEF15,MACF1,PIP5K1B,CD34,ERG,LRRC32,ADGRL2,TMEM204,LPL,ENG,FBLN5,CHRDL1,FMO2,DENND3,SRPX,GATA2,ARRB1,WFS1,DOCK4,ARHGEF6,KL,DLC1,GATA6,ANGPT1,TBX3,OLFML1,KLF4,BCHE,SOSTDC1,ADRB2,DPYSL2,CTNNAL1,PID1,INPP5A,SPARCL1,PTPRD,CPB2,GHR,WIF1,GAB2,KANK2,TGFBR2,VIPR1,ABHD6,HBB,SELP,SEMA3G"
"GO:BP","enzyme-linked receptor protein signaling pathway","GO:0007167","false","0.000002279065129389208","5.642243263705021","970","182","30","21026","CDH5,NPR1,TEK,TGFBR3,CLDN5,FZD4,CAV1,FGFR4,MMRN2,SVEP1,ZNF106,TBX2,SPTBN1,CAV2,TMEM100,LRRC32,TMEM204,ENG,CHRDL1,KL,GATA6,ANGPT1,SOSTDC1,ADRB2,PID1,PTPRD,GHR,WIF1,GAB2,TGFBR2"
"GO:BP","cellular response to endogenous stimulus","GO:0071495","false","0.0000024270717024868577","5.614917393204779","1223","182","34","21026","FAM107A,CDH5,TCF21,AGTR1,RAMP2,TGFBR3,CLDN5,FZD4,CAV1,SLIT2,FGFR4,SLIT3,MMRN2,ZNF106,CLDN18,CAT,TBX2,FEZ1,RAMP3,CAV2,KLF2,TMEM100,LRRC32,TMEM204,ENG,CHRDL1,KL,GATA6,KLF4,SOSTDC1,PID1,GHR,KANK2,TGFBR2"
"GO:BP","muscle structure development","GO:0061061","false","0.000002999493565984026","5.5229520653019994","693","182","25","21026","EDNRB,TCF21,JAM2,FHL1,FOXF1,RAMP2,TGFBR3,EPAS1,CAV1,ADARB1,S1PR1,TBX2,TNNC1,CRYAB,NOTCH4,HEG1,CAV2,KCNJ8,TMEM204,ENG,QKI,PDLIM2,GATA6,TBX3,SOSTDC1"
"GO:BP","positive regulation of cell motility","GO:2000147","false","0.000003005692405105315","5.522055466064698","587","182","23","21026","FAM107A,CDH5,AGER,TEK,JAM2,PECAM1,DUOX1,FOXF1,TGFBR3,FZD4,CAV1,SASH1,SPOCK2,S1PR1,PPM1F,SEMA5A,LYVE1,GATA2,DOCK4,ANGPT1,TGFBR2,SELP,SEMA3G"
"GO:BP","positive regulation of angiogenesis","GO:0045766","false","0.000004200130994995119","5.376737164479154","166","182","13","21026","CDH5,TEK,RAMP2,SASH1,TIE1,SEMA5A,EMP2,CD34,ENG,GATA2,GATA6,KLF4,TGFBR2"
"GO:BP","negative regulation of cell population proliferation","GO:0008285","false","0.000004372552132985215","5.359265003820051","706","182","25","21026","CDH5,NPR1,TGFBR3,CAV1,ADARB1,ADAMTS8,SLIT3,MMRN2,LIMS2,RGCC,CAV2,LRRC32,ENG,SRPX,GATA2,DLC1,GATA6,TBX3,KLF4,P3H2,DACH1,BCHE,ZBTB16,CPB2,KANK2"
"GO:BP","cell surface receptor signaling pathway","GO:0007166","false","0.000004688524442651222","5.328963815545715","2819","182","55","21026","CD36,GRK5,EDNRB,CDH5,AGER,NPR1,TEK,PECAM1,DUOX1,FOXF1,TGFBR3,CLDN5,FZD4,CAV1,SASH1,SLIT2,FGFR4,SLIT3,MMRN2,SVEP1,ZNF106,LIMS2,FCN3,CLDN18,TBX2,SEMA5A,SPTBN1,NOTCH4,EMP2,MFNG,CAV2,TMEM100,MACF1,LRRC32,ADGRL2,TMEM204,ENG,CHRDL1,SRPX,GATA2,ARRB1,KL,GATA6,ANGPT1,KLF4,SOSTDC1,ADRB2,PID1,PTPRD,GHR,WIF1,GAB2,TGFBR2,VIPR1,SEMA3G"
"GO:BP","positive regulation of vasculature development","GO:1904018","false","0.000005229109186405705","5.281572289790458","169","182","13","21026","CDH5,TEK,RAMP2,SASH1,TIE1,SEMA5A,EMP2,CD34,ENG,GATA2,GATA6,KLF4,TGFBR2"
"GO:BP","cardiac chamber development","GO:0003205","false","0.000005229109186405705","5.281572289790458","169","182","13","21026","TEK,FOXF1,TGFBR3,SLIT2,SLIT3,TBX2,TNNC1,HEG1,KCNJ8,ENG,GATA6,TBX3,TGFBR2"
"GO:BP","heart development","GO:0007507","false","0.000005338640449643892","5.272569327314741","605","182","23","21026","TEK,FOXF1,RAMP2,TGFBR3,CLDN5,S1PR1,SLIT2,SLIT3,TIE1,ACACB,TBX2,TNNC1,HEG1,EMP2,KCNJ8,TMEM100,ENG,PDLIM2,DLC1,GATA6,TBX3,WIF1,TGFBR2"
"GO:BP","regulation of cell differentiation","GO:0045595","false","0.00001147496704678571","4.940248552973244","1576","182","38","21026","CD36,EDNRB,CDH5,AGER,AGTR1,TAL1,RAMP2,CLDN5,FZD4,CAV1,SPOCK2,SLIT2,ASPA,CLDN18,RGCC,SEMA5A,NOTCH4,EMP2,ADIRF,TMEM100,MACF1,CD34,LPL,ENG,HOXA5,QKI,GATA2,TBX3,KLF4,SOSTDC1,ZBTB16,PTPRD,GHR,WIF1,TGFBR2,TRPV2,SEMA3G,ID4"
"GO:BP","animal organ morphogenesis","GO:0009887","false","0.000011923486556469596","4.923596733620035","1042","182","30","21026","TEK,TCF21,FHL1,FOXF1,TGFBR3,CLDN5,CAV1,ADARB1,S1PR1,SLIT2,SLIT3,LIMS2,TBX2,TNNC1,HEG1,EMP2,KCNJ8,TMEM100,CD34,ENG,HOXA5,GATA2,DLC1,GATA6,TBX3,SOSTDC1,CPB2,GHR,TGFBR2,ID4"
"GO:BP","regulation of cell-substrate adhesion","GO:0010810","false","0.000012365846698659167","4.907776141820572","217","182","14","21026","FAM107A,CD36,TEK,FOXF1,FZD4,SPOCK2,GPM6B,ARHGAP6,LIMS2,PPM1F,EMP2,MACF1,DLC1,LIMCH1"
"GO:BP","growth","GO:0040007","false","0.00001528035222632864","4.815866634753271","929","182","28","21026","FAM107A,NPR1,FHL1,AGTR1,TGFBR3,ADARB1,S1PR1,SLIT2,SLIT3,PPM1F,ACACB,CLDN18,TBX2,SEMA5A,CRYAB,HEG1,KLF2,KCNJ8,MACF1,HOXA5,WFS1,GATA6,ADRB2,GHR,TGFBR2,TRPV2,WFDC1,SEMA3G"
"GO:BP","endothelial cell migration","GO:0043542","false","0.00001562017194677008","4.806314189721048","221","182","14","21026","CDH5,TEK,STARD13,TGFBR3,SASH1,SLIT2,MMRN2,RGCC,SEMA5A,EMP2,GATA2,VSTM4,ANGPT1,KLF4"
"GO:BP","system process","GO:0003008","false","0.00002223997679660916","4.652865670197438","2293","182","47","21026","FAM107A,CD36,EDNRB,CDH5,AGER,NPR1,TEK,JAM2,AGTR1,RAMP2,CLDN5,EPAS1,FZD4,CAV1,ADARB1,S1PR1,SLIT2,SVEP1,ACACB,FXYD1,TBX2,TNNC1,CRYAB,CLIC5,HEG1,EMP2,RAMP3,KLF2,KCNJ8,TMEM100,SYNM,CD34,ENG,HOXA5,QKI,ARRB1,VSTM4,WFS1,DOCK4,KL,GATA6,ANGPT1,TBX3,BCHE,ADRB2,TRPV2,HBB"
"GO:BP","endothelial cell proliferation","GO:0001935","false","0.000025016639318122628","4.601771032916986","158","182","12","21026","TEK,AGTR1,CAV1,MMRN2,TIE1,RGCC,SEMA5A,CAV2,CD34,ENG,GATA2,VSTM4"
"GO:BP","regulation of anatomical structure size","GO:0090066","false","0.000026716323230643212","4.573223310811603","500","182","20","21026","EDNRB,NPR1,AGTR1,CAV1,SLIT2,SVEP1,SEMA5A,SPTBN1,KLF2,KCNJ8,MACF1,KANK3,VSTM4,DOCK4,ADRB2,KANK2,SPTAN1,TRPV2,HBB,SEMA3G"
"GO:BP","positive regulation of cell migration","GO:0030335","false","0.00003370745984599488","4.472273974160533","559","182","21","21026","FAM107A,CDH5,AGER,TEK,JAM2,PECAM1,FOXF1,TGFBR3,FZD4,CAV1,SASH1,S1PR1,PPM1F,SEMA5A,LYVE1,GATA2,DOCK4,ANGPT1,TGFBR2,SELP,SEMA3G"
"GO:BP","positive regulation of response to stimulus","GO:0048584","false","0.00003720723833624034","4.429372563782328","2331","182","47","21026","CD36,EDNRB,CDH5,AGER,NPR1,TEK,DUOX1,VWF,FABP4,AGTR1,TGFBR3,CAV1,SASH1,S1PR1,SLIT2,FGFR4,MMRN2,SVEP1,LIMS2,PPM1F,FCN3,CAT,RGCC,SEMA5A,EMP2,MFNG,RAMP3,CAV2,KLF2,KCNJ8,TMEM100,MACF1,LPL,ENG,CFD,THBD,SRPX,ARRB1,WFS1,KL,GATA6,ANGPT1,ADRB2,CPB2,GHR,TGFBR2,SELP"
"GO:BP","cell-matrix adhesion","GO:0007160","false","0.000037941184976086004","4.420889109384657","237","182","14","21026","FAM107A,CD36,TEK,GPM6B,ARHGAP6,SVEP1,PPM1F,EMP2,LYVE1,MACF1,CD34,FBLN5,DLC1,LIMCH1"
"GO:BP","mesenchyme development","GO:0060485","false","0.00003807092667902913","4.41940655195656","320","182","16","21026","EDNRB,TCF21,FOXF1,TGFBR3,RGCC,TBX2,SEMA5A,NOTCH4,EMP2,TMEM100,ENG,HOXA5,QKI,TBX3,TGFBR2,SEMA3G"
"GO:BP","extracellular matrix organization","GO:0030198","true","0.000051494780973923835","4.288236784727396","327","182","16","21026","FOXF1,RAMP2,TGFBR3,CAV1,SPOCK2,ADAMTSL3,GPM6B,ADAMTS8,FGFR4,TIE1,RGCC,MFAP4,CAV2,ENG,FBLN5,CPB2"
"GO:BP","regulation of endothelial cell migration","GO:0010594","false","0.00005316111703234067","4.274405902148326","169","182","12","21026","TEK,STARD13,TGFBR3,SASH1,SLIT2,MMRN2,RGCC,SEMA5A,EMP2,GATA2,ANGPT1,KLF4"
"GO:BP","extracellular structure organization","GO:0043062","false","0.000053731094778984565","4.269774310527005","328","182","16","21026","FOXF1,RAMP2,TGFBR3,CAV1,SPOCK2,ADAMTSL3,GPM6B,ADAMTS8,FGFR4,TIE1,RGCC,MFAP4,CAV2,ENG,FBLN5,CPB2"
"GO:BP","external encapsulating structure organization","GO:0045229","false","0.00005605578518831976","4.251379559773546","329","182","16","21026","FOXF1,RAMP2,TGFBR3,CAV1,SPOCK2,ADAMTSL3,GPM6B,ADAMTS8,FGFR4,TIE1,RGCC,MFAP4,CAV2,ENG,FBLN5,CPB2"
"GO:BP","negative regulation of angiogenesis","GO:0016525","false","0.0000580596916795833","4.236125274777359","107","182","10","21026","CD36,NPR1,TEK,CLDN5,TIE1,RGCC,KLF2,HOXA5,QKI,KLF4"
"GO:BP","regulation of actin filament-based process","GO:0032970","false","0.000059266186676719016","4.227193015371684","376","182","17","21026","FAM107A,CAV1,S1PR1,GPM6B,SLIT2,ARHGAP6,PPM1F,RGCC,SEMA5A,TNNC1,SPTBN1,ARHGEF15,KANK3,DLC1,KANK2,SPTAN1,LIMCH1"
"GO:BP","cellular response to growth factor stimulus","GO:0071363","false","0.000059990794012087165","4.221915389891417","689","182","23","21026","CDH5,RAMP2,TGFBR3,CLDN5,FZD4,CAV1,SLIT2,FGFR4,MMRN2,CAT,TBX2,FEZ1,CAV2,TMEM100,LRRC32,TMEM204,ENG,CHRDL1,KL,GATA6,KLF4,SOSTDC1,TGFBR2"
"GO:BP","negative regulation of blood vessel morphogenesis","GO:2000181","false","0.00006350914267418435","4.197163749871287","108","182","10","21026","CD36,NPR1,TEK,CLDN5,TIE1,RGCC,KLF2,HOXA5,QKI,KLF4"
"GO:BP","cardiac septum development","GO:0003279","false","0.00006350914267418435","4.197163749871287","108","182","10","21026","TGFBR3,SLIT2,SLIT3,TBX2,HEG1,KCNJ8,ENG,GATA6,TBX3,TGFBR2"
"GO:BP","negative regulation of vasculature development","GO:1901343","false","0.00006940511623331059","4.158608514127325","109","182","10","21026","CD36,NPR1,TEK,CLDN5,TIE1,RGCC,KLF2,HOXA5,QKI,KLF4"
"GO:BP","intracellular signaling cassette","GO:0141124","false","0.00007174145419242327","4.144229824463171","1912","182","41","21026","CD36,EDNRB,AGER,NPR1,TEK,STARD13,AGTR1,RASIP1,TGFBR3,CAV1,SASH1,SLIT2,ARHGAP6,FGFR4,CAT,SEMA5A,SPTBN1,CRYAB,HEG1,RAMP3,CAV2,KCNJ8,TMEM100,ARHGEF15,PIP5K1B,ENG,DENND3,ARRB1,DOCK4,ARHGEF6,KL,DLC1,ANGPT1,KLF4,ADRB2,CTNNAL1,GHR,GAB2,KANK2,TGFBR2,SELP"
"GO:BP","negative regulation of multicellular organismal process","GO:0051241","false","0.00011550019536531551","3.937417281174376","1087","182","29","21026","CD36,AGER,NPR1,TEK,JAM2,CLDN5,SVEP1,TIE1,CLDN18,RGCC,SEMA5A,KLF2,CD34,LRRC32,HOXA5,QKI,THBD,GATA2,ARRB1,DOCK4,GATA6,ANGPT1,KLF4,SOSTDC1,ADRB2,CPB2,ABHD6,SEMA3G,ID4"
"GO:BP","endothelial cell differentiation","GO:0045446","false","0.00011604070069643538","3.9353896574316227","115","182","10","21026","EDNRB,CDH5,PECAM1,CLDN5,FZD4,S1PR1,TIE1,NOTCH4,HEG1,TMEM100"
"GO:BP","regulation of cell-substrate junction assembly","GO:0090109","false","0.00012906634296941443","3.8891869952886786","63","182","8","21026","FAM107A,TEK,GPM6B,ARHGAP6,PPM1F,MACF1,DLC1,LIMCH1"
"GO:BP","regulation of focal adhesion assembly","GO:0051893","false","0.00012906634296941443","3.8891869952886786","63","182","8","21026","FAM107A,TEK,GPM6B,ARHGAP6,PPM1F,MACF1,DLC1,LIMCH1"
"GO:BP","response to growth factor","GO:0070848","false","0.00013661878586184134","3.864489578581404","721","182","23","21026","CDH5,RAMP2,TGFBR3,CLDN5,FZD4,CAV1,SLIT2,FGFR4,MMRN2,CAT,TBX2,FEZ1,CAV2,TMEM100,LRRC32,TMEM204,ENG,CHRDL1,KL,GATA6,KLF4,SOSTDC1,TGFBR2"
"GO:BP","regulation of cell junction assembly","GO:1901888","false","0.0001394455458598994","3.8555953533187717","263","182","14","21026","FAM107A,TEK,CLDN5,CAV1,LRRN3,GPM6B,ARHGAP6,PPM1F,ARHGEF15,MACF1,DOCK4,DLC1,PTPRD,LIMCH1"
"GO:BP","response to chemical","GO:0042221","false","0.00014947742626332823","3.8254243885402035","3909","182","64","21026","FAM107A,CD36,EDNRB,AGER,TEK,TCF21,DUOX1,FABP4,FOXF1,AGTR1,RAMP2,TGFBR3,CLDN5,KCNK3,EPAS1,FZD4,CAV1,SASH1,SPOCK2,S1PR1,SLIT2,AOC3,SLIT3,TIE1,ZNF106,PPM1F,ACACB,CLDN18,CAT,RGCC,TBX2,SEMA5A,TNNC1,CRYAB,GPX3,SESN1,RAMP3,CAV2,KLF2,KCNJ8,LPL,ENG,FBLN5,FMO2,THBD,GATA2,CDO1,WFS1,DOCK4,KL,GATA6,ANGPT1,KLF4,BCHE,ADRB2,PID1,CPB2,GHR,KANK2,TGFBR2,ANOS1,HBB,SELP,SEMA3G"
"GO:BP","regulation of tube diameter","GO:0035296","false","0.00015708004737192228","3.8038789764278396","151","182","11","21026","EDNRB,NPR1,AGTR1,CAV1,SVEP1,KLF2,KCNJ8,VSTM4,DOCK4,ADRB2,HBB"
"GO:BP","blood vessel diameter maintenance","GO:0097746","false","0.00015708004737192228","3.8038789764278396","151","182","11","21026","EDNRB,NPR1,AGTR1,CAV1,SVEP1,KLF2,KCNJ8,VSTM4,DOCK4,ADRB2,HBB"
"GO:BP","blood vessel endothelial cell migration","GO:0043534","false","0.00016076888893374575","3.7937979896151584","119","182","10","21026","CDH5,STARD13,TGFBR3,SLIT2,MMRN2,RGCC,EMP2,GATA2,ANGPT1,KLF4"
"GO:BP","regulation of tube size","GO:0035150","false","0.00016807378377827056","3.7745000227196583","152","182","11","21026","EDNRB,NPR1,AGTR1,CAV1,SVEP1,KLF2,KCNJ8,VSTM4,DOCK4,ADRB2,HBB"
"GO:BP","cell-cell adhesion","GO:0098609","false","0.00016888416755670614","3.772411062477826","976","182","27","21026","CDH5,AGER,JAM2,PECAM1,FOXF1,CLDN5,CAV1,CD93,STXBP6,LIMS2,EMCN,PPM1F,CLDN18,RGCC,NOTCH4,CD34,LRRC32,PCDH12,KLF4,ICAM2,ZBTB16,SPARCL1,PTPRD,TGFBR2,HBB,SELP,PCDH17"
"GO:BP","regulation of cell-matrix adhesion","GO:0001952","false","0.000203652515113664","3.691110221997131","122","182","10","21026","FAM107A,CD36,TEK,GPM6B,ARHGAP6,PPM1F,EMP2,MACF1,DLC1,LIMCH1"
"GO:BP","response to wounding","GO:0009611","true","0.00021580668234942794","3.665935111726551","568","182","20","21026","CD36,AGER,DUOX1,VWF,FOXF1,CAV1,SVEP1,NOTCH4,LYVE1,MACF1,CD34,ENG,THBD,GATA2,KLF4,CPB2,AHNAK,HBB,SELP,WFDC1"
"GO:BP","regulation of epithelial cell proliferation","GO:0050678","false","0.0002253210432288772","3.6471982466631387","364","182","16","21026","EDNRB,TEK,AGTR1,TGFBR3,CAV1,MMRN2,TIE1,LIMS2,RGCC,SEMA5A,CAV2,ENG,HOXA5,GATA2,GATA6,CPB2"
"GO:BP","branching morphogenesis of an epithelial tube","GO:0048754","false","0.00023395569667413127","3.630866375545451","157","182","11","21026","TCF21,FOXF1,RASIP1,SLIT2,TIE1,TBX2,NOTCH4,ENG,HOXA5,TBX3,TGFBR2"
"GO:BP","regulation of cell-substrate junction organization","GO:0150116","false","0.0002374381663094291","3.6244494703632113","68","182","8","21026","FAM107A,TEK,GPM6B,ARHGAP6,PPM1F,MACF1,DLC1,LIMCH1"
"GO:BP","cardiac septum morphogenesis","GO:0060411","false","0.00026660757060461746","3.5741275224948215","69","182","8","21026","TGFBR3,SLIT2,SLIT3,TBX2,ENG,GATA6,TBX3,TGFBR2"
"GO:BP","cell-substrate junction assembly","GO:0007044","false","0.0002812978825725652","3.5508335369087836","96","182","9","21026","FAM107A,TEK,GPM6B,ARHGAP6,TNS1,PPM1F,MACF1,DLC1,LIMCH1"
"GO:BP","negative regulation of locomotion","GO:0040013","false","0.0003159623842755208","3.50036461761566","326","182","15","21026","STARD13,TGFBR3,CLDN5,ADARB1,SLIT2,MMRN2,TIE1,RGCC,SEMA5A,ENG,DLC1,KLF4,DACH1,ABHD6,LIMCH1"
"GO:BP","extracellular matrix assembly","GO:0085029","false","0.00032777862924176897","3.484419365301605","48","182","7","21026","RAMP2,TGFBR3,GPM6B,TIE1,RGCC,MFAP4,FBLN5"
"GO:BP","regulation of vascular permeability","GO:0043114","false","0.00037963140113483917","3.4206378721784496","49","182","7","21026","CDH5,NPR1,TEK,RAMP2,CLDN5,SLIT2,ANGPT1"
"GO:BP","actin filament-based process","GO:0030029","false","0.0003812672074624853","3.4187705464979756","825","182","24","21026","FAM107A,STARD13,CAV1,S1PR1,GPM6B,SLIT2,ARHGAP6,PPM1F,RGCC,SEMA5A,TNNC1,SPTBN1,EMP2,KCNJ8,ARHGEF15,DIAPH2,KANK3,QKI,PDLIM2,ARRB1,DLC1,KANK2,SPTAN1,LIMCH1"
"GO:BP","cellular response to chemical stimulus","GO:0070887","false","0.0003864596385080863","3.4128958566965806","2192","182","43","21026","FAM107A,CD36,EDNRB,AGER,TCF21,DUOX1,FABP4,AGTR1,RAMP2,KCNK3,EPAS1,FZD4,CAV1,SASH1,S1PR1,SLIT2,SLIT3,ZNF106,PPM1F,CLDN18,CAT,RGCC,TBX2,SEMA5A,GPX3,SESN1,RAMP3,CAV2,KLF2,LPL,ENG,FBLN5,FMO2,DOCK4,GATA6,KLF4,BCHE,ADRB2,PID1,CPB2,GHR,KANK2,HBB"
"GO:BP","regulation of actin cytoskeleton organization","GO:0032956","false","0.00043146727853105737","3.3650521345773767","334","182","15","21026","FAM107A,S1PR1,GPM6B,SLIT2,ARHGAP6,PPM1F,RGCC,SEMA5A,SPTBN1,ARHGEF15,KANK3,DLC1,KANK2,SPTAN1,LIMCH1"
"GO:BP","homeostatic process","GO:0042592","false","0.00044928861925342675","3.3474745822038487","1736","182","37","21026","CD36,EDNRB,CDH5,AGER,NPR1,JAM2,PECAM1,FABP4,AGTR1,LDB2,TAL1,ACADL,TGFBR3,CLDN5,EPAS1,CAV1,S1PR1,FGFR4,EMCN,ACACB,CLDN18,CAV2,KLF2,CD34,LPL,HOXA5,FMO2,QKI,GATA2,VSTM4,WFS1,KL,ANGPT1,ADRB2,CPB2,ABHD6,TRPV2"
"GO:BP","epithelial tube morphogenesis","GO:0060562","false","0.0004657562231227092","3.3318413336409582","336","182","15","21026","TCF21,STARD13,FOXF1,RASIP1,SLIT2,MMRN2,TIE1,TBX2,NOTCH4,ENG,HOXA5,DLC1,TBX3,SOSTDC1,TGFBR2"
"GO:BP","negative regulation of cell migration","GO:0030336","false","0.0005027101514979308","3.298682344740057","292","182","14","21026","STARD13,TGFBR3,CLDN5,ADARB1,SLIT2,MMRN2,TIE1,RGCC,ENG,DLC1,KLF4,DACH1,ABHD6,LIMCH1"
"GO:BP","cell-substrate junction organization","GO:0150115","false","0.0005169785233775696","3.286527498245219","103","182","9","21026","FAM107A,TEK,GPM6B,ARHGAP6,TNS1,PPM1F,MACF1,DLC1,LIMCH1"
"GO:BP","regulation of endothelial cell proliferation","GO:0001936","false","0.0005282223104223185","3.2771832595306916","135","182","10","21026","TEK,AGTR1,CAV1,MMRN2,TIE1,RGCC,SEMA5A,CAV2,ENG,GATA2"
"GO:BP","negative regulation of endothelial cell apoptotic process","GO:2000352","true","0.0005390731102083888","3.268352330904385","32","182","6","21026","CDH5,TEK,RAMP2,SEMA5A,GATA2,ANGPT1"
"GO:BP","response to hormone","GO:0009725","false","0.0005710329669740349","3.2433388182662117","907","182","25","21026","FAM107A,EDNRB,TEK,TCF21,AGTR1,RAMP2,TGFBR3,CAV1,SLIT2,SLIT3,ZNF106,CLDN18,CAT,TBX2,RAMP3,CAV2,KLF2,KCNJ8,CDO1,KL,GATA6,BCHE,PID1,GHR,KANK2"
"GO:BP","regulation of growth","GO:0040008","false","0.0005751987432348836","3.240182071524255","604","182","20","21026","FAM107A,NPR1,FHL1,AGTR1,TGFBR3,SLIT2,SLIT3,PPM1F,ACACB,TBX2,SEMA5A,CRYAB,MACF1,WFS1,GATA6,ADRB2,GHR,TRPV2,WFDC1,SEMA3G"
"GO:BP","positive regulation of cellular component organization","GO:0051130","false","0.0005755605018370284","3.2399090174157767","1105","182","28","21026","CD36,CDH5,TEK,GPM6A,TAL1,RASIP1,CLDN5,FZD4,CAV1,LRRN3,SLIT2,PPM1F,FCN3,RGCC,SEMA5A,FEZ1,ARHGEF15,MACF1,GATA2,ARRB1,ANGPT1,KLF4,ADRB2,PTPRD,CPB2,AHNAK,TRPV2,LIMCH1"
"GO:BP","mesenchymal cell differentiation","GO:0048762","false","0.0005924997452308099","3.227311832060267","252","182","13","21026","EDNRB,TCF21,TGFBR3,RGCC,SEMA5A,NOTCH4,EMP2,TMEM100,ENG,QKI,TBX3,TGFBR2,SEMA3G"
"GO:BP","positive regulation of metabolic process","GO:0009893","false","0.000594236827951163","3.2260404362073154","3597","182","59","21026","FAM107A,CD36,CDH5,AGER,TEK,TCF21,PECAM1,FABP4,FOXF1,AGTR1,LDB2,TAL1,RAMP2,ACADL,TGFBR3,CLDN5,EPAS1,FZD4,CAV1,SASH1,S1PR1,TACC1,FGFR4,FHL5,PPM1F,RGCC,TBX2,SPTBN1,NOTCH4,HEG1,ADIRF,SESN1,RAMP3,KLF2,CD34,ERG,LRRC32,LPL,ENG,HOXA5,QKI,GATA2,ARRB1,WFS1,LMO2,GATA6,ANGPT1,TBX3,KLF4,ADRB2,PID1,ZBTB16,GHR,TGFBR2,ABHD6,TRPV2,LIMCH1,HBB,ID4"
"GO:BP","cardiac epithelial to mesenchymal transition","GO:0060317","false","0.000654152314788955","3.1843211174700192","33","182","6","21026","TGFBR3,EMP2,TMEM100,ENG,TBX3,TGFBR2"
"GO:BP","regulation of endothelial cell apoptotic process","GO:2000351","false","0.0007546809131750749","3.1222366337207585","54","182","7","21026","CDH5,TEK,RAMP2,RGCC,SEMA5A,GATA2,ANGPT1"
"GO:BP","negative regulation of cell motility","GO:2000146","false","0.0009567134571578363","3.0192181171962718","308","182","14","21026","STARD13,TGFBR3,CLDN5,ADARB1,SLIT2,MMRN2,TIE1,RGCC,ENG,DLC1,KLF4,DACH1,ABHD6,LIMCH1"
"GO:BP","Rho protein signal transduction","GO:0007266","true","0.0009626894454363491","3.01651378959948","144","182","10","21026","TEK,STARD13,AGTR1,RASIP1,ARHGAP6,HEG1,ARRB1,DLC1,CTNNAL1,KANK2"
"GO:BP","regulation of actin filament organization","GO:0110053","false","0.0009636115426863017","3.0160980064165925","263","182","13","21026","S1PR1,SLIT2,ARHGAP6,PPM1F,RGCC,SEMA5A,SPTBN1,ARHGEF15,KANK3,DLC1,KANK2,SPTAN1,LIMCH1"
"GO:BP","epithelial cell differentiation","GO:0030855","false","0.0010202459278638928","2.9912951299629444","746","182","22","21026","EDNRB,CDH5,TCF21,PECAM1,FOXF1,CLDN5,EPAS1,FZD4,CAV1,S1PR1,TIE1,NOTCH4,HEG1,KLF2,TMEM100,CD34,HOXA5,GATA2,GATA6,TBX3,KLF4,SOSTDC1"
"GO:BP","regulation of intracellular signal transduction","GO:1902531","false","0.001053561859347975","2.977339959927949","1953","182","39","21026","CD36,EDNRB,AGER,NPR1,TEK,TCF21,STARD13,VWF,RASIP1,TGFBR3,CAV1,SASH1,SLIT2,ARHGAP6,FGFR4,CAT,SEMA5A,SPTBN1,HEG1,SESN1,RAMP3,CAV2,KLF2,TMEM100,ARHGEF15,PIP5K1B,ENG,DENND3,ARRB1,WFS1,KL,DLC1,ANGPT1,KLF4,ADRB2,GHR,KANK2,TGFBR2,SELP"
"GO:BP","actin filament organization","GO:0007015","false","0.001072775205619652","2.9694912726163794","461","182","17","21026","FAM107A,S1PR1,SLIT2,ARHGAP6,PPM1F,RGCC,SEMA5A,SPTBN1,EMP2,ARHGEF15,DIAPH2,KANK3,ARRB1,DLC1,KANK2,SPTAN1,LIMCH1"
"GO:BP","cell development","GO:0048468","false","0.0012446082042543707","2.904967340543692","2876","182","50","21026","EDNRB,CDH5,AGER,TEK,JAM2,PECAM1,GPM6A,TAL1,RAMP2,TGFBR3,CLDN5,EPAS1,FZD4,ADARB1,GPM6B,SLIT2,SLIT3,ASPA,CLDN18,SEMA5A,FEZ1,NOTCH4,HEG1,ITM2A,MFNG,CAV2,KLF2,MACF1,CD34,DIAPH2,ENG,HOXA5,QKI,GATA2,PCDH12,SNRK,ANGPT1,TBX3,FRY,KLF4,DNASE1L3,ZBTB16,PTPRD,GAB2,TGFBR2,TRPV2,ANOS1,EML1,SEMA3G,ID4"
"GO:BP","response to nitrogen compound","GO:1901698","false","0.001248496806314305","2.9036125642472337","1080","182","27","21026","CD36,EDNRB,AGER,TEK,DUOX1,AGTR1,TGFBR3,CAV1,SLIT2,ZNF106,CAT,SESN1,RAMP3,CAV2,KLF2,KCNJ8,LPL,THBD,CDO1,WFS1,KL,GATA6,KLF4,BCHE,ADRB2,PID1,GHR"
"GO:BP","focal adhesion assembly","GO:0048041","false","0.0013640357180645512","2.865174257278338","85","182","8","21026","FAM107A,TEK,GPM6B,ARHGAP6,PPM1F,MACF1,DLC1,LIMCH1"
"GO:BP","endothelial cell apoptotic process","GO:0072577","false","0.0014017548921660722","2.8533279195262238","59","182","7","21026","CDH5,TEK,RAMP2,RGCC,SEMA5A,GATA2,ANGPT1"
"GO:BP","morphogenesis of a branching epithelium","GO:0061138","false","0.0015078722776063918","2.821635443267249","189","182","11","21026","TCF21,FOXF1,RASIP1,SLIT2,TIE1,TBX2,NOTCH4,ENG,HOXA5,TBX3,TGFBR2"
"GO:BP","regulation of phosphorylation","GO:0042325","true","0.0016210729740089639","2.790197434567846","830","182","23","21026","CD36,CDH5,AGER,TEK,PECAM1,LDB2,RASIP1,CAV1,SASH1,ADARB1,SLIT2,PPM1F,RGCC,HEG1,EMP2,ENG,ARRB1,ANGPT1,ADRB2,PID1,GHR,TGFBR2,LIMCH1"
"GO:BP","regulation of G protein-coupled receptor signaling pathway","GO:0008277","true","0.0018953275659605692","2.7223157208963564","155","182","10","21026","GRK5,RAMP2,SLIT2,SLIT3,RAMP3,CAV2,ARRB1,ADRB2,INPP5A,ABHD6"
"GO:BP","negative regulation of supramolecular fiber organization","GO:1902904","false","0.002130959377562758","2.671424829154165","157","182","10","21026","CDH5,S1PR1,SLIT2,ARHGAP6,SPTBN1,CRYAB,KANK3,DLC1,KANK2,SPTAN1"
"GO:BP","wound healing","GO:0042060","false","0.0022779870343141283","2.642448752136573","433","182","16","21026","CD36,DUOX1,VWF,CAV1,SVEP1,NOTCH4,MACF1,CD34,ENG,THBD,GATA2,CPB2,AHNAK,HBB,SELP,WFDC1"
"GO:BP","renal system development","GO:0072001","false","0.002335332289547621","2.631651315847528","332","182","14","21026","EDNRB,TEK,TCF21,PECAM1,FOXF1,AGTR1,SLIT2,CAT,KCNJ8,CD34,WFS1,ANGPT1,ZBTB16,KANK2"
"GO:BP","regulation of supramolecular fiber organization","GO:1902903","false","0.0024264679768273706","2.6150254358875116","383","182","15","21026","CDH5,S1PR1,SLIT2,ARHGAP6,PPM1F,RGCC,SEMA5A,SPTBN1,CRYAB,ARHGEF15,KANK3,DLC1,KANK2,SPTAN1,LIMCH1"
"GO:BP","developmental growth","GO:0048589","false","0.002454965363250728","2.6099546308954715","663","182","20","21026","TGFBR3,ADARB1,S1PR1,SLIT2,SLIT3,ACACB,CLDN18,TBX2,SEMA5A,HEG1,KLF2,KCNJ8,MACF1,HOXA5,GATA6,ADRB2,GHR,TGFBR2,TRPV2,SEMA3G"
"GO:BP","negative regulation of developmental process","GO:0051093","false","0.0029285657475226043","2.5333450214343","925","182","24","21026","CD36,EDNRB,NPR1,TEK,CLDN5,CAV1,TIE1,CLDN18,RGCC,TBX2,SEMA5A,NOTCH4,KLF2,ARHGEF15,HOXA5,QKI,GATA2,TBX3,KLF4,SOSTDC1,ADRB2,ZBTB16,SEMA3G,ID4"
"GO:BP","regulation of system process","GO:0044057","false","0.0029629309809011584","2.528278464943468","553","182","18","21026","EDNRB,AGER,NPR1,JAM2,AGTR1,EPAS1,CAV1,SVEP1,ACACB,FXYD1,TBX2,TNNC1,EMP2,KCNJ8,TMEM100,QKI,DOCK4,ADRB2"
"GO:BP","cardiac ventricle development","GO:0003231","false","0.00305614635070313","2.5148258523931655","127","182","9","21026","FOXF1,TGFBR3,SLIT2,SLIT3,TNNC1,HEG1,ENG,TBX3,TGFBR2"
"GO:BP","morphogenesis of a branching structure","GO:0001763","false","0.0035116883463209747","2.454484033619823","206","182","11","21026","TCF21,FOXF1,RASIP1,SLIT2,TIE1,TBX2,NOTCH4,ENG,HOXA5,TBX3,TGFBR2"
"GO:BP","morphogenesis of an epithelium","GO:0002009","false","0.003534583390059214","2.4516617677400294","503","182","17","21026","TCF21,STARD13,FOXF1,RASIP1,SLIT2,MMRN2,TIE1,TBX2,NOTCH4,ENG,HOXA5,DLC1,TBX3,KLF4,SOSTDC1,TGFBR2,ID4"
"GO:BP","gland development","GO:0048732","false","0.0042060995102014016","2.3761204567519005","454","182","16","21026","TCF21,FOXF1,TGFBR3,CAV1,LIMS2,TBX2,NOTCH4,HOXA5,GATA2,CDO1,GATA6,TBX3,SOSTDC1,CPB2,TGFBR2,ID4"
"GO:BP","response to hypoxia","GO:0001666","true","0.004515963754252936","2.3452495524404076","302","182","13","21026","AGER,TEK,TGFBR3,KCNK3,EPAS1,FZD4,CAV1,CAT,RGCC,CRYAB,KCNJ8,ENG,GATA6"
"GO:BP","Tie signaling pathway","GO:0048014","true","0.004695679523053127","2.328301551053247","4","182","3","21026","TEK,SVEP1,ANGPT1"
"GO:BP","atrioventricular canal morphogenesis","GO:1905222","false","0.004695679523053127","2.328301551053247","4","182","3","21026","TBX2,ENG,TBX3"
"GO:BP","positive regulation of macromolecule metabolic process","GO:0010604","false","0.00531139420515578","2.2747914645815093","3288","182","53","21026","FAM107A,CD36,CDH5,AGER,TEK,TCF21,PECAM1,FOXF1,AGTR1,LDB2,TAL1,RAMP2,TGFBR3,CLDN5,EPAS1,FZD4,CAV1,SASH1,S1PR1,TACC1,FGFR4,FHL5,PPM1F,RGCC,TBX2,SPTBN1,NOTCH4,HEG1,ADIRF,RAMP3,KLF2,CD34,ERG,LRRC32,LPL,ENG,HOXA5,QKI,GATA2,ARRB1,WFS1,LMO2,GATA6,ANGPT1,TBX3,KLF4,ADRB2,PID1,ZBTB16,GHR,TGFBR2,LIMCH1,ID4"
"GO:BP","transport","GO:0006810","true","0.00542898326197393","2.2652814973097954","4407","182","65","21026","CD36,CA4,EDNRB,AGER,NPR1,PECAM1,GPM6A,FHL1,FABP4,FOXF1,AGTR1,ABCA8,RAMP2,KCNK3,FZD4,CAV1,GPM6B,CD93,ADAMTS8,STXBP6,FXYD6,PPM1F,ACACB,FCN3,FXYD1,CLDN18,GJA4,RGCC,TNNC1,FEZ1,SPTBN1,CRYAB,STX12,CLIC5,EMP2,ARAP3,LYVE1,RAMP3,CAV2,KCNJ8,MACF1,COX7A1,ENG,FBLN5,QKI,DENND3,SRPX,SLC27A3,GATA2,ARRB1,CDO1,WFS1,ANGPT1,TBX3,ADRB2,DPYSL2,PID1,CPB2,GHR,AHNAK,GAB2,TGFBR2,TRPV2,HBB,PCDH17"
"GO:BP","negative regulation of epithelial cell proliferation","GO:0050680","false","0.005736894231050548","2.241323156966878","137","182","9","21026","TGFBR3,CAV1,MMRN2,LIMS2,RGCC,CAV2,ENG,GATA6,CPB2"
"GO:BP","phosphorylation","GO:0016310","false","0.00619228937504826","2.208148756612931","1320","182","29","21026","CD36,GRK5,CDH5,AGER,NPR1,TEK,PECAM1,LDB2,RASIP1,CAV1,SASH1,ADARB1,SLIT2,FGFR4,TIE1,PPM1F,RGCC,HEG1,EMP2,ERG,ENG,ARRB1,SNRK,ANGPT1,ADRB2,PID1,GHR,TGFBR2,LIMCH1"
"GO:BP","nervous system development","GO:0007399","false","0.006412342406209081","2.1929832952453996","2604","182","45","21026","EDNRB,AGER,JAM2,GPM6A,LDB2,TAL1,CLDN5,FZD4,ADARB1,LRRN3,SPOCK2,S1PR1,TACC1,GPM6B,SLIT2,SLIT3,ASPA,TBX2,SEMA5A,FEZ1,SPTBN1,KCNJ8,ARHGEF15,MACF1,PTPRB,CHRDL1,QKI,GATA2,DOCK4,PCDH12,DLC1,TBX3,FRY,KLF4,BCHE,DPYSL2,ZBTB16,PTPRD,TGFBR2,TRPV2,ANOS1,EML1,SEMA3G,PCDH17,ID4"
"GO:BP","mammary gland development","GO:0030879","false","0.006465636397778168","2.1893887220688177","139","182","9","21026","FOXF1,CAV1,TBX2,NOTCH4,HOXA5,CDO1,TBX3,SOSTDC1,TGFBR2"
"GO:BP","atrioventricular canal development","GO:0036302","false","0.006766195778148448","2.169655440166211","13","182","4","21026","TBX2,ENG,GATA6,TBX3"
"GO:BP","positive regulation of biosynthetic process","GO:0009891","false","0.006808660889410147","2.1669382956535577","2696","182","46","21026","CD36,CDH5,AGER,TCF21,FOXF1,LDB2,TAL1,RAMP2,TGFBR3,CLDN5,EPAS1,FZD4,CAV1,S1PR1,TACC1,FGFR4,FHL5,PPM1F,RGCC,TBX2,SPTBN1,NOTCH4,HEG1,ADIRF,RAMP3,KLF2,CD34,ERG,LRRC32,LPL,ENG,HOXA5,QKI,GATA2,ARRB1,LMO2,GATA6,ANGPT1,TBX3,KLF4,ADRB2,PID1,ZBTB16,ABHD6,HBB,ID4"
"GO:BP","cell surface receptor protein serine/threonine kinase signaling pathway","GO:0007178","false","0.006828343551458211","2.165684636539567","364","182","14","21026","CDH5,TGFBR3,CLDN5,CAV1,SPTBN1,CAV2,TMEM100,LRRC32,ENG,CHRDL1,GATA6,SOSTDC1,WIF1,TGFBR2"
"GO:BP","endocardial cushion formation","GO:0003272","false","0.0071216539351223246","2.147419133963975","28","182","5","21026","TBX2,TMEM100,ENG,TBX3,TGFBR2"
"GO:BP","response to decreased oxygen levels","GO:0036293","false","0.007415384904822882","2.129866301452567","316","182","13","21026","AGER,TEK,TGFBR3,KCNK3,EPAS1,FZD4,CAV1,CAT,RGCC,CRYAB,KCNJ8,ENG,GATA6"
"GO:BP","tissue homeostasis","GO:0001894","false","0.007443643782926311","2.1282144182939677","268","182","12","21026","CDH5,JAM2,PECAM1,LDB2,CLDN5,S1PR1,CLDN18,CD34,GATA2,VSTM4,ANGPT1,ADRB2"
"GO:BP","anatomical structure homeostasis","GO:0060249","false","0.007733138940963131","2.1116441868022275","269","182","12","21026","CDH5,JAM2,PECAM1,LDB2,CLDN5,S1PR1,CLDN18,CD34,GATA2,VSTM4,ANGPT1,ADRB2"
"GO:BP","regulation of protein modification process","GO:0031399","false","0.007891891448657208","2.102818897009988","1049","182","25","21026","FAM107A,CD36,CDH5,AGER,TEK,PECAM1,RASIP1,EPAS1,CAV1,SASH1,ADARB1,SLIT2,PPM1F,FXYD1,RGCC,HEG1,ARRB1,WFS1,ANGPT1,FRY,ADRB2,PID1,GHR,TGFBR2,LIMCH1"
"GO:BP","stress fiber assembly","GO:0043149","false","0.008425967696579615","2.0743802102013515","108","182","8","21026","S1PR1,ARHGAP6,PPM1F,RGCC,ARHGEF15,ARRB1,DLC1,LIMCH1"
"GO:BP","contractile actin filament bundle assembly","GO:0030038","false","0.008425967696579615","2.0743802102013515","108","182","8","21026","S1PR1,ARHGAP6,PPM1F,RGCC,ARHGEF15,ARRB1,DLC1,LIMCH1"
"GO:BP","glomerulus vasculature development","GO:0072012","false","0.008545178857698635","2.0682788427034975","29","182","5","21026","TEK,TCF21,PECAM1,CD34,ANGPT1"
"GO:BP","outflow tract morphogenesis","GO:0003151","false","0.008668134238039872","2.062074371649802","77","182","7","21026","TGFBR3,CLDN5,TBX2,ENG,GATA6,TBX3,TGFBR2"
"GO:BP","regulation of molecular function","GO:0065009","false","0.0090044211926175","2.0455441985503113","1496","182","31","21026","EDNRB,AGER,FHL1,AGTR1,LDB2,RASIP1,CLDN5,FZD4,CAV1,SASH1,ADARB1,SPOCK2,ARHGAP6,FGFR4,PPM1F,FXYD1,RGCC,TNNC1,HEG1,EMP2,ARAP3,RAMP3,CAV2,ARHGEF15,ENG,ARRB1,ANGPT1,ADRB2,GHR,AHNAK,TGFBR2"
"GO:BP","kidney development","GO:0001822","false","0.009096042943325739","2.0411474979679274","322","182","13","21026","EDNRB,TEK,TCF21,PECAM1,AGTR1,SLIT2,CAT,KCNJ8,CD34,WFS1,ANGPT1,ZBTB16,KANK2"
"GO:BP","temperature homeostasis","GO:0001659","false","0.009341764165598803","2.0295711007467907","185","182","10","21026","CD36,EDNRB,FABP4,ACADL,EPAS1,CAV1,QKI,ADRB2,ABHD6,TRPV2"
"GO:BP","regulation of blood pressure","GO:0008217","false","0.009799427881141212","2.008799278931624","186","182","10","21026","EDNRB,NPR1,AGTR1,RAMP2,EMP2,KCNJ8,ENG,KL,ADRB2,HBB"
"GO:BP","regulation of body fluid levels","GO:0050878","false","0.009907891615301107","2.0040187529071645","376","182","14","21026","CD36,EDNRB,NPR1,VWF,CAV1,SVEP1,HEG1,EMP2,THBD,CDO1,WFS1,CPB2,HBB,SELP"
"GO:BP","actin cytoskeleton organization","GO:0030036","false","0.010259065300085113","1.9888922058428193","729","182","20","21026","FAM107A,STARD13,S1PR1,GPM6B,SLIT2,ARHGAP6,PPM1F,RGCC,SEMA5A,SPTBN1,EMP2,ARHGEF15,DIAPH2,KANK3,PDLIM2,ARRB1,DLC1,KANK2,SPTAN1,LIMCH1"
"GO:BP","endocardial cushion development","GO:0003197","false","0.010492136965260827","1.9791360487270577","52","182","6","21026","FOXF1,TBX2,TMEM100,ENG,TBX3,TGFBR2"
"GO:BP","regulation of catalytic activity","GO:0050790","false","0.0105006520169648","1.9787837334464065","928","182","23","21026","EDNRB,AGER,AGTR1,LDB2,RASIP1,CAV1,SASH1,ADARB1,SPOCK2,ARHGAP6,FGFR4,PPM1F,RGCC,HEG1,EMP2,ARAP3,CAV2,ARHGEF15,ENG,ANGPT1,ADRB2,GHR,TGFBR2"
"GO:BP","supramolecular fiber organization","GO:0097435","false","0.010560635463171065","1.97630994829413","861","182","22","21026","FAM107A,CD36,CDH5,S1PR1,SLIT2,ARHGAP6,PPM1F,RGCC,SEMA5A,SPTBN1,CRYAB,EMP2,MFAP4,ARHGEF15,DIAPH2,KANK3,FBLN5,ARRB1,DLC1,KANK2,SPTAN1,LIMCH1"
"GO:BP","reactive oxygen species metabolic process","GO:0072593","true","0.010584006897495123","1.9753498857949419","231","182","11","21026","CD36,DUOX1,AGTR1,CAT,CRYAB,GPX3,SESN1,FBLN5,PID1,TGFBR2,HBB"
"GO:BP","renal system vasculature development","GO:0061437","false","0.012055892701670162","1.9188006259289865","31","182","5","21026","TEK,TCF21,PECAM1,CD34,ANGPT1"
"GO:BP","kidney vasculature development","GO:0061440","false","0.012055892701670162","1.9188006259289865","31","182","5","21026","TEK,TCF21,PECAM1,CD34,ANGPT1"
"GO:BP","regulation of cold-induced thermogenesis","GO:0120161","false","0.012735901821264191","1.8949702974901645","151","182","9","21026","CD36,FABP4,ACADL,EPAS1,CAV1,QKI,ADRB2,ABHD6,TRPV2"
"GO:BP","negative regulation of response to stimulus","GO:0048585","false","0.013174889971932656","1.8802530030438434","1680","182","33","21026","CDH5,TEK,TCF21,FOXF1,RASIP1,TGFBR3,CAV1,SLIT2,SLIT3,MMRN2,SVEP1,CLDN18,SEMA5A,HEG1,SESN1,CAV2,ENG,CHRDL1,THBD,GATA2,ARRB1,WFS1,DLC1,KLF4,SOSTDC1,ADRB2,PID1,INPP5A,PTPRD,CPB2,WIF1,KANK2,WFDC1"
"GO:BP","positive regulation of macromolecule biosynthetic process","GO:0010557","false","0.01367212800284941","1.8641638842639918","2593","182","44","21026","CD36,CDH5,AGER,TCF21,FOXF1,LDB2,TAL1,RAMP2,TGFBR3,CLDN5,EPAS1,FZD4,CAV1,S1PR1,TACC1,FGFR4,FHL5,PPM1F,RGCC,TBX2,SPTBN1,NOTCH4,HEG1,ADIRF,RAMP3,KLF2,CD34,ERG,LRRC32,LPL,ENG,HOXA5,QKI,GATA2,ARRB1,LMO2,GATA6,ANGPT1,TBX3,KLF4,ADRB2,PID1,ZBTB16,ID4"
"GO:BP","cold-induced thermogenesis","GO:0106106","false","0.014172421040173083","1.8485559539462812","153","182","9","21026","CD36,FABP4,ACADL,EPAS1,CAV1,QKI,ADRB2,ABHD6,TRPV2"
"GO:BP","cell migration involved in sprouting angiogenesis","GO:0002042","false","0.014622696379036165","1.834972537462737","55","182","6","21026","STARD13,TGFBR3,SLIT2,MMRN2,GATA2,KLF4"
"GO:BP","negative regulation of cytoskeleton organization","GO:0051494","false","0.015745413849004075","1.8028459199765152","155","182","9","21026","CDH5,S1PR1,SLIT2,ARHGAP6,SPTBN1,KANK3,DLC1,KANK2,SPTAN1"
"GO:BP","fat cell differentiation","GO:0045444","false","0.015817266569289428","1.8008685661254957","241","182","11","21026","GRK5,FABP4,ADIRF,KCNJ8,LPL,GATA2,KLF4,ADRB2,ZBTB16,WIF1,ID4"
"GO:BP","regulation of protein metabolic process","GO:0051246","false","0.01594883680135235","1.7972709859093348","1855","182","35","21026","FAM107A,CD36,EDNRB,CDH5,AGER,TEK,PECAM1,AGTR1,RASIP1,EPAS1,CAV1,SASH1,ADARB1,SPOCK2,SLIT2,FGFR4,PPM1F,FXYD1,RGCC,CRYAB,HEG1,ITM2A,KLF2,QKI,ARRB1,WFS1,ANGPT1,FRY,KLF4,ADRB2,PID1,CPB2,GHR,TGFBR2,LIMCH1"
"GO:BP","heart trabecula morphogenesis","GO:0061384","true","0.01660550934825767","1.7797477985512904","33","182","5","21026","TEK,TGFBR3,S1PR1,HEG1,ENG"
"GO:BP","lung development","GO:0030324","false","0.017005006212807542","1.7694232050610126","198","182","10","21026","TCF21,FOXF1,EPAS1,CLDN18,TBX2,HEG1,KLF2,HOXA5,GATA6,TGFBR2"
"GO:BP","regulation of phosphate metabolic process","GO:0019220","false","0.017013493467621484","1.7692065013237341","956","182","23","21026","CD36,CDH5,AGER,TEK,PECAM1,LDB2,RASIP1,CAV1,SASH1,ADARB1,SLIT2,PPM1F,RGCC,HEG1,EMP2,ENG,ARRB1,ANGPT1,ADRB2,PID1,GHR,TGFBR2,LIMCH1"
"GO:BP","regulation of phosphorus metabolic process","GO:0051174","false","0.01730262609878276","1.7618879770066707","957","182","23","21026","CD36,CDH5,AGER,TEK,PECAM1,LDB2,RASIP1,CAV1,SASH1,ADARB1,SLIT2,PPM1F,RGCC,HEG1,EMP2,ENG,ARRB1,ANGPT1,ADRB2,PID1,GHR,TGFBR2,LIMCH1"
"GO:BP","embryo development ending in birth or egg hatching","GO:0009792","true","0.01765169143331598","1.7532136729979844","692","182","19","21026","FOXF1,EPAS1,TIE1,RAI2,TBX2,HEG1,EMP2,MFNG,KLF2,TMEM100,HOXA5,GATA2,PCDH12,DLC1,GATA6,ANGPT1,TBX3,KLF4,TGFBR2"
"GO:BP","transforming growth factor beta receptor superfamily signaling pathway","GO:0141091","false","0.018505424686071793","1.732700943711202","344","182","13","21026","CDH5,TGFBR3,CLDN5,CAV1,CAV2,TMEM100,LRRC32,ENG,CHRDL1,GATA6,SOSTDC1,WIF1,TGFBR2"
"GO:BP","response to oxygen levels","GO:0070482","false","0.018505424686071793","1.732700943711202","344","182","13","21026","AGER,TEK,TGFBR3,KCNK3,EPAS1,FZD4,CAV1,CAT,RGCC,CRYAB,KCNJ8,ENG,GATA6"
"GO:BP","respiratory tube development","GO:0030323","false","0.020255829564352842","1.6934499658675417","202","182","10","21026","TCF21,FOXF1,EPAS1,CLDN18,TBX2,HEG1,KLF2,HOXA5,GATA6,TGFBR2"
"GO:BP","actin filament bundle assembly","GO:0051017","false","0.020345478549031435","1.691532090585361","160","182","9","21026","FAM107A,S1PR1,ARHGAP6,PPM1F,RGCC,ARHGEF15,ARRB1,DLC1,LIMCH1"
"GO:BP","regulation of cytoskeleton organization","GO:0051493","false","0.021662271983511682","1.6642959956259242","517","182","16","21026","FAM107A,CDH5,S1PR1,GPM6B,SLIT2,ARHGAP6,PPM1F,RGCC,SEMA5A,SPTBN1,ARHGEF15,KANK3,DLC1,KANK2,SPTAN1,LIMCH1"
"GO:BP","regulation of vasculogenesis","GO:2001212","false","0.021919909393747404","1.659161245346284","17","182","4","21026","RAMP2,EMP2,TMEM100,CD34"
"GO:BP","mesenchyme morphogenesis","GO:0072132","false","0.022085712489619533","1.6558885857504404","59","182","6","21026","FOXF1,TBX2,TMEM100,ENG,TBX3,TGFBR2"
"GO:BP","regulation of Rho protein signal transduction","GO:0035023","false","0.022761938751179926","1.642790749610888","89","182","7","21026","TEK,STARD13,RASIP1,HEG1,ARRB1,DLC1,KANK2"
"GO:BP","actin filament bundle organization","GO:0061572","false","0.023621740617463652","1.6266881036442926","163","182","9","21026","FAM107A,S1PR1,ARHGAP6,PPM1F,RGCC,ARHGEF15,ARRB1,DLC1,LIMCH1"
"GO:BP","positive regulation of signal transduction","GO:0009967","false","0.026118739987177394","1.5830477780024426","1578","182","31","21026","CD36,EDNRB,CDH5,AGER,NPR1,TEK,VWF,TGFBR3,CAV1,SASH1,FGFR4,LIMS2,CAT,SEMA5A,EMP2,MFNG,RAMP3,CAV2,KLF2,TMEM100,MACF1,ENG,SRPX,ARRB1,KL,GATA6,ANGPT1,ADRB2,GHR,TGFBR2,SELP"
"GO:BP","regulation of stress fiber assembly","GO:0051492","false","0.026352856617562443","1.5791723009067908","91","182","7","21026","S1PR1,ARHGAP6,PPM1F,RGCC,ARHGEF15,DLC1,LIMCH1"
"GO:BP","regulation of protein phosphorylation","GO:0001932","false","0.027033010769666695","1.5681055825722399","779","182","20","21026","CD36,CDH5,AGER,TEK,PECAM1,RASIP1,CAV1,SASH1,ADARB1,SLIT2,PPM1F,RGCC,HEG1,ARRB1,ANGPT1,ADRB2,PID1,GHR,TGFBR2,LIMCH1"
"GO:BP","in utero embryonic development","GO:0001701","true","0.028559818869804205","1.5442445512408909","413","182","14","21026","FOXF1,EPAS1,TIE1,HEG1,MFNG,KLF2,TMEM100,GATA2,PCDH12,GATA6,ANGPT1,TBX3,KLF4,TGFBR2"
"GO:BP","regulation of blood vessel endothelial cell migration","GO:0043535","false","0.03040004039841418","1.517125839259776","93","182","7","21026","STARD13,TGFBR3,MMRN2,RGCC,GATA2,ANGPT1,KLF4"
"GO:BP","negative regulation of signaling","GO:0023057","false","0.030528586339614704","1.5152933057281677","1435","182","29","21026","AGER,TCF21,RASIP1,TGFBR3,CAV1,SLIT2,SLIT3,MMRN2,CLDN18,HEG1,SESN1,CAV2,ENG,CHRDL1,GATA2,ARRB1,WFS1,DLC1,KLF4,BCHE,SOSTDC1,ADRB2,PID1,INPP5A,PTPRD,WIF1,KANK2,ABHD6,PCDH17"
"GO:BP","negative regulation of cell communication","GO:0010648","false","0.030927420680214698","1.5096562982658064","1436","182","29","21026","AGER,TCF21,RASIP1,TGFBR3,CAV1,SLIT2,SLIT3,MMRN2,CLDN18,HEG1,SESN1,CAV2,ENG,CHRDL1,GATA2,ARRB1,WFS1,DLC1,KLF4,BCHE,SOSTDC1,ADRB2,PID1,INPP5A,PTPRD,WIF1,KANK2,ABHD6,PCDH17"
"GO:BP","ventricular cardiac muscle tissue development","GO:0003229","true","0.0323647284683311","1.4899280322487125","63","182","6","21026","TGFBR3,TNNC1,HEG1,KCNJ8,ENG,TBX3"
"GO:BP","roof of mouth development","GO:0060021","false","0.03260841737046034","1.4866702788988946","94","182","7","21026","TCF21,TGFBR3,CLDN5,TBX2,LRRC32,TBX3,TGFBR2"
"GO:BP","adaptive thermogenesis","GO:1990845","false","0.03305914215021031","1.480708420101041","170","182","9","21026","CD36,FABP4,ACADL,EPAS1,CAV1,QKI,ADRB2,ABHD6,TRPV2"
"GO:BP","gland morphogenesis","GO:0022612","false","0.03307944193446597","1.4804418258071077","130","182","8","21026","CAV1,LIMS2,TBX2,TBX3,SOSTDC1,CPB2,TGFBR2,ID4"
"GO:BP","epithelial to mesenchymal transition","GO:0001837","false","0.034638934478902976","1.460435475691931","171","182","9","21026","TGFBR3,RGCC,NOTCH4,EMP2,TMEM100,ENG,QKI,TBX3,TGFBR2"
"GO:BP","cell-cell junction organization","GO:0045216","false","0.034795203316909974","1.4584806214723403","215","182","10","21026","CDH5,PECAM1,RAMP2,CLDN5,CAV1,SVEP1,LIMS2,CLDN18,GJA4,HEG1"
"GO:BP","negative regulation of vascular permeability","GO:0043116","false","0.035217753348061","1.4532383525044879","19","182","4","21026","RAMP2,CLDN5,SLIT2,ANGPT1"
"GO:BP","intracellular signal transduction","GO:0035556","false","0.03728064496047303","1.4285165828966089","2965","182","47","21026","CD36,EDNRB,AGER,NPR1,TEK,TCF21,STARD13,VWF,AGTR1,RASIP1,TGFBR3,CAV1,SASH1,SLIT2,ARHGAP6,FGFR4,PPM1F,CAT,SEMA5A,SPTBN1,CRYAB,HEG1,SESN1,RAMP3,CAV2,KLF2,KCNJ8,TMEM100,ARHGEF15,PIP5K1B,ENG,DENND3,ARRB1,WFS1,DOCK4,ARHGEF6,KL,DLC1,ANGPT1,KLF4,ADRB2,CTNNAL1,GHR,GAB2,KANK2,TGFBR2,SELP"
"GO:BP","cellular oxidant detoxification","GO:0098869","true","0.03742369444005507","1.4268533414824351","96","182","7","21026","CD36,DUOX1,CAT,GPX3,SESN1,FBLN5,HBB"
"GO:BP","maintenance of blood-brain barrier","GO:0035633","false","0.038625355109375925","1.4131275147817757","39","182","5","21026","CDH5,JAM2,PECAM1,CLDN5,ANGPT1"
"GO:BP","regulation of cell migration involved in sprouting angiogenesis","GO:0090049","false","0.038625355109375925","1.4131275147817757","39","182","5","21026","STARD13,TGFBR3,MMRN2,GATA2,KLF4"
"GO:BP","protein phosphorylation","GO:0006468","false","0.03959459144694146","1.4023641339019945","1227","182","26","21026","CD36,GRK5,CDH5,AGER,NPR1,TEK,PECAM1,RASIP1,CAV1,SASH1,ADARB1,SLIT2,FGFR4,TIE1,PPM1F,RGCC,HEG1,ERG,ARRB1,SNRK,ANGPT1,ADRB2,PID1,GHR,TGFBR2,LIMCH1"
"GO:BP","plasma membrane raft assembly","GO:0044854","true","0.04030568763702522","1.3946336651470979","7","182","3","21026","CAV1,EMP2,CAV2"
"GO:BP","response to cycloheximide","GO:0046898","false","0.04030568763702522","1.3946336651470979","7","182","3","21026","KLF2,KLF4,GHR"
"GO:BP","regulation of response to external stimulus","GO:0032101","false","0.040831793485505335","1.3890015438156273","1082","182","24","21026","CD36,EDNRB,CDH5,AGER,TEK,FABP4,FOXF1,AGTR1,CAV1,SASH1,S1PR1,SLIT2,MMRN2,PPM1F,FCN3,SEMA5A,KCNJ8,LPL,THBD,GATA6,KLF4,DNASE1L3,CPB2,WFDC1"
"GO:BP","ventricular septum morphogenesis","GO:0060412","false","0.04383527353322788","1.358176279092515","40","182","5","21026","TGFBR3,SLIT2,SLIT3,TBX3,TGFBR2"
"GO:BP","regulation of cellular response to growth factor stimulus","GO:0090287","false","0.04415163351432414","1.3550532238387725","320","182","12","21026","CDH5,TGFBR3,FZD4,CAV1,SLIT2,MMRN2,CAV2,TMEM204,ENG,CHRDL1,GATA6,SOSTDC1"
"GO:BP","negative regulation of protein metabolic process","GO:0051248","false","0.04693731880936699","1.3284817221416412","677","182","18","21026","EDNRB,RASIP1,CAV1,ADARB1,SPOCK2,SLIT2,PPM1F,FXYD1,CRYAB,HEG1,ITM2A,QKI,ARRB1,WFS1,ANGPT1,FRY,PID1,CPB2"
"GO:BP","endocardial cushion morphogenesis","GO:0003203","false","0.04957524793319479","1.3047351051458747","41","182","5","21026","TBX2,TMEM100,ENG,TBX3,TGFBR2"
"GO:CC","cell periphery","GO:0071944","true","6.797945015171593e-15","14.167622352507319","6347","187","109","22149","FAM107A,CD36,GRK5,CA4,EDNRB,CDH5,AGER,NPR1,TEK,JAM2,PECAM1,GPM6A,DUOX1,VWF,FHL1,ADH1B,AGTR1,LDB2,ABCA8,RAMP2,TGFBR3,CLDN5,KCNK3,FZD4,CAV1,LRRN3,SPOCK2,S1PR1,ADAMTSL3,GPM6B,CD93,AOC3,ADAMTS8,FGFR4,FXYD6,MMRN2,TIE1,LIMS2,EMCN,FCN3,FXYD1,CLDN18,GJA4,SEMA5A,FEZ1,SPTBN1,CRYAB,NOTCH4,CLIC5,HEG1,EMP2,ARAP3,ITM2A,LYVE1,UPK3B,PDZD2,MFAP4,RAMP3,CAV2,KCNJ8,TMEM100,SYNM,MACF1,PIP5K1B,CD34,LRRC32,ADGRL2,TMEM204,LPL,RASL12,PTPRB,ENG,FBLN5,CHRDL1,PDLIM2,THBD,SRPX,SLC27A3,ARRB1,VSTM4,DOCK4,KL,PCDH12,DLC1,ANGPT1,FRY,P3H2,BCHE,ADRB2,DPYSL2,ICAM2,CTNNAL1,INPP5A,SPARCL1,PTPRD,GHR,AHNAK,SYNC,GAB2,TSPAN7,SPTAN1,TGFBR2,VIPR1,ABHD6,TRPV2,ANOS1,SELP,SEMA3G,PCDH17"
"GO:CC","cell surface","GO:0009986","false","8.49551970148249e-11","10.070810048627497","914","187","34","22149","CD36,CA4,CDH5,AGER,TEK,JAM2,PECAM1,DUOX1,RAMP2,TGFBR3,FZD4,S1PR1,CD93,AOC3,TNS1,EMCN,FCN3,CRYAB,NOTCH4,HEG1,EMP2,RAMP3,CD34,LRRC32,LPL,ENG,THBD,SRPX,GHR,WIF1,TGFBR2,TRPV2,ANOS1,SELP"
"GO:CC","plasma membrane","GO:0005886","false","1.0940340130725185e-10","9.960969175753885","5866","187","96","22149","FAM107A,CD36,GRK5,CA4,EDNRB,CDH5,AGER,NPR1,TEK,JAM2,PECAM1,GPM6A,DUOX1,FHL1,ADH1B,AGTR1,LDB2,ABCA8,RAMP2,TGFBR3,CLDN5,KCNK3,FZD4,CAV1,S1PR1,GPM6B,CD93,AOC3,FGFR4,FXYD6,TIE1,LIMS2,EMCN,FCN3,FXYD1,CLDN18,GJA4,SEMA5A,FEZ1,SPTBN1,CRYAB,NOTCH4,CLIC5,HEG1,EMP2,ARAP3,ITM2A,LYVE1,UPK3B,PDZD2,RAMP3,CAV2,KCNJ8,TMEM100,SYNM,MACF1,PIP5K1B,CD34,LRRC32,ADGRL2,TMEM204,LPL,RASL12,PTPRB,ENG,CHRDL1,THBD,SLC27A3,ARRB1,VSTM4,DOCK4,KL,PCDH12,DLC1,ANGPT1,BCHE,ADRB2,DPYSL2,ICAM2,CTNNAL1,INPP5A,PTPRD,GHR,AHNAK,SYNC,GAB2,TSPAN7,SPTAN1,TGFBR2,VIPR1,ABHD6,TRPV2,ANOS1,SELP,SEMA3G,PCDH17"
"GO:CC","cell junction","GO:0030054","true","9.454312315291512e-8","7.024370055241549","2401","187","51","22149","FAM107A,CDH5,AGER,TEK,JAM2,PECAM1,GPM6A,FHL1,RASIP1,CLDN5,KCNK3,FZD4,CAV1,ADARB1,S1PR1,TNS1,FGFR4,STXBP6,FXYD6,LIMS2,FXYD1,CLDN18,GJA4,CAT,SPTBN1,CRYAB,STX12,HEG1,PDZD2,CAV2,KCNJ8,ARHGEF15,SYNM,MACF1,TMEM204,ENG,CHRDL1,QKI,PDLIM2,WFS1,DOCK4,ARHGEF6,PCDH12,DLC1,SPARCL1,PTPRD,AHNAK,SYNC,SPTAN1,ABHD6,PCDH17"
"GO:CC","anchoring junction","GO:0070161","false","2.3739827200613477e-7","6.624522446547947","912","187","29","22149","FAM107A,CDH5,TEK,JAM2,PECAM1,FHL1,RASIP1,CLDN5,FZD4,CAV1,TNS1,FGFR4,STXBP6,LIMS2,FXYD1,CLDN18,GJA4,CAT,HEG1,PDZD2,CAV2,SYNM,TMEM204,ENG,PDLIM2,ARHGEF6,PCDH12,DLC1,AHNAK"
"GO:CC","cell-cell junction","GO:0005911","false","0.0000013138675226309362","5.881448422516613","526","187","21","22149","CDH5,TEK,JAM2,PECAM1,RASIP1,CLDN5,FZD4,FGFR4,STXBP6,LIMS2,FXYD1,CLDN18,GJA4,HEG1,PDZD2,SYNM,TMEM204,PDLIM2,ARHGEF6,PCDH12,AHNAK"
"GO:CC","membrane raft","GO:0045121","false","0.000010639848942789035","4.973064537809661","295","187","15","22149","CD36,TEK,PECAM1,CAV1,S1PR1,GPM6B,FXYD1,STX12,EMP2,CAV2,DLC1,ANGPT1,AHNAK,GAB2,TGFBR2"
"GO:CC","membrane microdomain","GO:0098857","false","0.000011632145327668312","4.934340180538498","297","187","15","22149","CD36,TEK,PECAM1,CAV1,S1PR1,GPM6B,FXYD1,STX12,EMP2,CAV2,DLC1,ANGPT1,AHNAK,GAB2,TGFBR2"
"GO:CC","extracellular region","GO:0005576","true","0.00005056580448830478","4.296143078860364","4258","187","66","22149","CD36,CA4,AGER,TEK,PECAM1,GPM6A,VWF,FABP4,TGFBR3,SFTPC,LRRN3,ITIH5,SPOCK2,ADAMTSL3,SLIT2,ADAMTS8,FGFR4,SLIT3,MMRN2,SVEP1,EMCN,FCN3,CAT,SEMA5A,SPTBN1,CRYAB,NOTCH4,CLIC5,HEG1,ADIRF,GPX3,LYVE1,MFNG,PDZD2,MFAP4,CD34,GFOD1,LRRC32,LPL,ENG,FBLN5,CHRDL1,CFD,THBD,VSTM4,KL,PCDH12,ANGPT1,OLFML1,DNASE1L3,BCHE,SOSTDC1,DPYSL2,SPARCL1,PTPRD,CPB2,GHR,WIF1,AHNAK,SPTAN1,TGFBR2,ANOS1,HBB,SELP,WFDC1,SEMA3G"
"GO:CC","membrane","GO:0016020","false","0.000057865471611879976","4.237580502964305","9953","187","119","22149","FAM107A,CD36,GRK5,CA4,EDNRB,CDH5,AGER,NPR1,TEK,HIGD1B,JAM2,PECAM1,STARD13,GPM6A,DUOX1,FHL1,ADH1B,AGTR1,LDB2,ABCA8,RAMP2,ACADL,TGFBR3,CLDN5,KCNK3,SFTPC,FZD4,CAV1,LRRN3,S1PR1,TACC1,GPM6B,CD93,SLIT2,AOC3,FGFR4,STXBP6,FXYD6,SVEP1,DPEP2,TIE1,ZNF106,LIMS2,EMCN,ACACB,FCN3,FXYD1,CLDN18,GJA4,CAT,C14ORF132,SEMA5A,FEZ1,SPTBN1,CRYAB,NOTCH4,STX12,CLIC5,HEG1,EMP2,ARAP3,ITM2A,LYVE1,UPK3B,MFNG,PDZD2,RAMP3,CAV2,KCNJ8,TMEM100,SYNM,MACF1,PIP5K1B,CD34,LRRC32,ADGRL2,TMEM204,LPL,RASL12,COX7A1,PTPRB,ENG,CHRDL1,REEP1,FMO2,THBD,SRPX,SLC27A3,ARRB1,VSTM4,WFS1,DOCK4,KL,PCDH12,DLC1,GATA6,ANGPT1,BCHE,ADRB2,DPYSL2,ICAM2,CTNNAL1,INPP5A,CYP4B1,PTPRD,GHR,AHNAK,SYNC,GAB2,TSPAN7,SPTAN1,TGFBR2,VIPR1,ABHD6,TRPV2,ANOS1,SELP,SEMA3G,PCDH17"
"GO:CC","external side of plasma membrane","GO:0009897","false","0.00012851022841398903","3.8910623044963493","408","187","16","22149","CD36,CA4,CDH5,PECAM1,TGFBR3,S1PR1,EMCN,FCN3,HEG1,CD34,LRRC32,ENG,THBD,GHR,TGFBR2,SELP"
"GO:CC","plasma membrane region","GO:0098590","false","0.00025733453786916036","3.589501921526263","1332","187","30","22149","FAM107A,CD36,CA4,AGER,TEK,GPM6A,DUOX1,ABCA8,TGFBR3,CLDN5,CAV1,FXYD6,FXYD1,SPTBN1,CRYAB,CLIC5,EMP2,CAV2,KCNJ8,MACF1,CD34,THBD,KL,DLC1,ADRB2,ICAM2,PTPRD,TGFBR2,ABHD6,PCDH17"
"GO:CC","actin cytoskeleton","GO:0015629","true","0.004059176618803097","2.3915620516876874","534","187","16","22149","FAM107A,TEK,CLDN5,ARHGAP6,TNNC1,SPTBN1,CRYAB,CLIC5,PKNOX2,MACF1,DIAPH2,PDLIM2,DLC1,AHNAK,SPTAN1,LIMCH1"
"GO:CC","receptor complex","GO:0043235","true","0.01495804892296951","1.825125050672621","531","187","15","22149","CD36,NPR1,TEK,RAMP2,TGFBR3,FGFR4,TIE1,RAMP3,PTPRB,ENG,ADRB2,GHR,TGFBR2,VIPR1,ABHD6"
"GO:CC","caveolar macromolecular signaling complex","GO:0002095","true","0.022157253907449496","1.654484065547514","2","187","2","22149","CAV1,CAV2"
"GO:CC","caveola","GO:0005901","false","0.022994989542796006","1.6383667835897053","83","187","6","22149","CD36,CAV1,FXYD1,CAV2,DLC1,TGFBR2"
"GO:CC","extracellular matrix","GO:0031012","false","0.026598286965441947","1.5751463327453383","559","187","15","22149","VWF,LRRN3,SPOCK2,ADAMTSL3,ADAMTS8,MMRN2,FCN3,MFAP4,LRRC32,FBLN5,SRPX,ANGPT1,P3H2,SPARCL1,ANOS1"
"GO:CC","external encapsulating structure","GO:0030312","false","0.027130710756772005","1.5665388286600503","560","187","15","22149","VWF,LRRN3,SPOCK2,ADAMTSL3,ADAMTS8,MMRN2,FCN3,MFAP4,LRRC32,FBLN5,SRPX,ANGPT1,P3H2,SPARCL1,ANOS1"
"GO:CC","extracellular space","GO:0005615","false","0.028346339974243153","1.5475030084325876","3315","187","48","22149","CD36,CA4,PECAM1,GPM6A,VWF,FABP4,TGFBR3,SFTPC,LRRN3,SLIT2,SLIT3,MMRN2,SVEP1,FCN3,CAT,SEMA5A,SPTBN1,CRYAB,CLIC5,ADIRF,GPX3,LYVE1,MFNG,MFAP4,LRRC32,LPL,ENG,FBLN5,CFD,THBD,KL,PCDH12,ANGPT1,OLFML1,BCHE,SOSTDC1,DPYSL2,SPARCL1,PTPRD,CPB2,GHR,AHNAK,SPTAN1,ANOS1,HBB,SELP,WFDC1,SEMA3G"
"KEGG","Cell adhesion molecules","KEGG:04514","false","0.0043436008918841685","2.362150086369326","153","95","9","8484","CDH5,JAM2,PECAM1,CLDN5,CLDN18,CD34,ICAM2,PTPRD,SELP"
"WP","Hypothesized pathways in pathogenesis of cardiovascular disease","WP:WP3668","false","0.04262219358351245","1.3703642027518048","25","110","4","8752","AGTR1,TGFBR3,ENG,TGFBR2"
"TF","Factor: CP2; motif: GCHCDAMCCAG; match class: 1","TF:M00072_1","false","0.003930631263347079","2.4055376958911467","2791","188","51","20092","GRK5,EDNRB,AGER,AGTR1,RAMP2,CLDN5,SFTPC,SPOCK2,ADAMTSL3,CD93,AOC3,ADAMTS8,FGFR4,STXBP6,SLIT3,FXYD6,DPEP2,PPM1F,GJA4,CAT,C14ORF132,TNNC1,FEZ1,CRYAB,STX12,HEG1,EMP2,GPX3,MFNG,MFAP4,RAMP3,MACF1,ERG,CFD,QKI,SLC27A3,GATA2,DOCK4,LMO2,FRY,P3H2,SOSTDC1,CTNNAL1,CASKIN2,KANK2,TSPAN7,TGFBR2,ABHD6,TRPV2,SELP,SEMA3G"
"TF","Factor: ZNF609; motif: GNSNGGGNGCTGN; match class: 1","TF:M13132_1","false","0.013402844014901358","1.8728030367901438","5959","188","85","20092","GRK5,NPR1,TCF21,JAM2,DUOX1,FHL1,FOXF1,RAMP2,TGFBR3,CLDN5,KCNK3,FZD4,ITIH5,SPOCK2,TACC1,ARHGAP6,ADAMTS8,STXBP6,SLIT3,FXYD6,MMRN2,LIMS2,PPM1F,FXYD1,RGCC,TBX2,SPTBN1,CRYAB,STX12,CLIC5,ARAP3,ADIRF,UPK3B,MFNG,SESN1,MFAP4,RAMP3,CAV2,KLF2,PKNOX2,SYNM,CD34,GFOD1,TMEM204,RASL12,COX7A1,KANK3,PTPRB,ENG,FBLN5,CHRDL1,REEP1,QKI,DENND3,TTC28,PDLIM2,SLC27A3,GATA2,ARRB1,VSTM4,CDO1,DOCK4,KL,GATA6,TBX3,KLF4,P3H2,PID1,INPP5A,CASKIN2,CYP4B1,GHR,AHNAK,SYNC,GAB2,KANK2,TSPAN7,SPTAN1,VIPR1,ABHD6,TRPV2,ANOS1,LIMCH1,EML1,ID4"
"TF","Factor: ZNF138; motif: GCAGCRSCNSGSNCMGSGCS; match class: 1","TF:M13144_1","false","0.03551265275084271","1.4496168852308402","5521","188","79","20092","GRK5,CA4,NPR1,JAM2,DUOX1,FOXF1,TAL1,RAMP2,ACADL,CLDN5,KCNK3,EPAS1,FZD4,SASH1,ADARB1,ITIH5,SPOCK2,ADAMTSL3,TACC1,GPM6B,SLIT2,ARHGAP6,TNS1,ADAMTS8,FGFR4,STXBP6,SLIT3,SVEP1,LIMS2,RAI2,PPM1F,RGCC,TBX2,SEMA5A,SPTBN1,CLIC5,HEG1,GPX3,SESN1,PDZD2,MFAP4,CAV2,KLF2,PKNOX2,SYNM,PIP5K1B,GFOD1,LRRC32,RASL12,KANK3,PTPRB,HOXA5,REEP1,QKI,DENND3,PDLIM2,SLC27A3,ARRB1,VSTM4,WFS1,LMO2,KL,SNRK,GATA6,TBX3,P3H2,DPYSL2,PID1,INPP5A,WIF1,AHNAK,SYNC,GAB2,VIPR1,ABHD6,ANOS1,LIMCH1,EML1,ID4"
"HPA","Cerebral cortex; endothelial cells[High]","HPA:0100203","false","0.0025543099542886098","2.5927264041479354","419","118","16","10995","VWF,LDB2,RASIP1,CLDN5,CAV1,S1PR1,LIMS2,RGCC,SPTBN1,ADIRF,CAV2,CD34,ERG,KANK3,CASKIN2,SYNC"
"HPA","Endometrium; endothelial cells[≥Medium]","HPA:0640202","false","0.0026398261469893344","2.578424673845844","47","118","6","10995","PECAM1,VWF,CD93,CD34,FBLN5,DPYSL2"
"HPA","Colon; endothelial cells[High]","HPA:0130203","false","0.002671640220376895","2.5732220270443067","854","118","24","10995","CD36,PECAM1,VWF,LDB2,RASIP1,CAV1,S1PR1,CD93,DPEP2,SPTBN1,ADIRF,CAV2,PKNOX2,SYNM,CD34,ERG,KANK3,DNASE1L3,DPYSL2,PID1,INPP5A,SYNC,TSPAN7,VIPR1"
"HPA","Endometrium; endothelial cells[≥Low]","HPA:0640201","false","0.0033783841630010336","2.471290967439584","49","118","6","10995","PECAM1,VWF,CD93,CD34,FBLN5,DPYSL2"
"HPA","Endometrium; endothelial cells[High]","HPA:0640203","false","0.006389269414248606","2.194548798727365","33","118","5","10995","PECAM1,VWF,CD93,FBLN5,DPYSL2"
"HPA","Endometrium; smooth muscle cells[≥Low]","HPA:0640691","false","0.017355524931151528","1.7605622462245014","65","118","6","10995","PECAM1,FHL1,CD93,CD34,FBLN5,DPYSL2"
